huespedes,dormitorios,camas,ba√±os,precio_eur,valoracion,alojamiento_entero,limpieza,llegada_autonoma,ubicacion_fantastica,cocina,wifi,lavadora,aire_acondicionado,secador,frigorifico
2,1,2,1,55,4.9,1,1,1,1,1,1,1,1,1,1
6,3,4,2,99,4.4,1,0,1,0,1,1,0,1,1,1
5,2,4,1,83,4.52,1,1,1,0,0,0,1,0,0,1
2,1,1,1,60,4.8,1,1,1,1,0,0,1,0,0,1
5,3,3,1,50,4.84,1,1,1,1,1,1,0,1,1,0
6,2,3,1,68,3.73,1,0,0,1,1,1,0,1,1,1
2,1,2,1,55,4.93,1,1,1,0,1,1,1,1,1,1
5,2,3,1,55,4.45,1,1,1,1,1,1,0,0,1,0
5,3,4,1,49,4.43,1,0,0,1,1,1,0,0,1,0
5,2,3,1,85,4.95,1,1,1,0,1,1,0,1,0,1
5,2,3,1,106,4.95,1,1,1,0,1,1,0,1,0,1
5,2,4,2,61,4.0,1,1,1,1,1,1,1,1,1,0
4,1,2,1,60,3.33,1,1,1,0,1,1,1,0,0,0
5,2,3,1,130,4.77,1,1,1,1,1,1,0,1,0,1
6,2,4,1,53,4.63,1,1,1,1,1,1,0,1,1,1
5,2,3,1,55,4.44,1,1,1,1,1,1,0,0,1,0
6,2,3,2,129,4.76,1,1,1,1,1,1,0,1,1,1
5,3,4,2,110,4.64,1,0,1,1,0,0,1,0,0,1
2,1,1,1,54,4.56,1,1,0,1,1,1,0,1,0,1
5,2,4,1,98,4.68,1,0,0,0,0,0,1,0,0,1
7,3,4,2,120,4.47,1,1,0,1,1,1,0,0,1,1
4,1,2,1,60,4.89,1,1,0,1,1,1,0,1,1,0
6,2,3,1,89,4.49,1,1,1,1,1,1,0,1,0,1
6,4,5,2,77,4.69,1,1,1,0,1,1,0,1,1,1
2,0,1,1,47,4.2,1,0,0,0,0,1,1,1,1,0
6,2,4,2,99,4.0,1,1,1,1,1,1,0,1,1,1
5,2,3,1,76,4.0,1,1,1,1,1,1,0,1,0,1
1,1,1,1,17,4.83,0,1,1,0,1,1,0,0,0,1
5,2,4,2,241,4.0,1,0,1,1,1,1,0,1,1,1
8,4,5,2,100,4.0,1,1,1,0,0,0,1,0,0,1
2,1,1,1,44,4.0,1,0,1,1,1,1,0,0,1,0
7,0,6,1,100,4.63,1,1,1,0,1,1,0,1,1,1
6,3,4,1,85,4.74,1,0,1,0,1,1,0,1,0,1
2,0,1,1,42,4.58,1,1,1,0,1,1,0,0,1,1
6,2,3,2,100,4.83,1,1,1,0,1,1,0,1,1,0
5,3,3,1,69,4.0,1,1,0,1,1,1,0,1,0,1
3,1,2,1,55,4.85,1,1,1,1,1,1,1,1,1,1
5,3,4,2,90,4.63,1,0,1,1,1,1,0,1,1,1
5,2,4,1,95,4.38,1,1,1,0,1,1,0,0,0,1
2,1,1,1,50,4.0,1,1,0,1,0,0,1,0,0,1
5,3,1,1,80,4.48,1,0,1,1,0,0,1,0,0,1
6,3,4,1,70,4.73,1,1,1,1,1,1,0,0,1,1
2,1,1,1,45,4.72,1,1,0,1,1,1,1,0,1,0
8,4,4,2,190,4.17,1,1,1,1,1,1,1,1,1,1
7,2,4,1,89,4.9,1,0,1,1,1,1,0,1,1,1
2,1,1,1,45,4.82,1,0,1,0,1,1,0,0,0,0
5,3,4,2,170,4.68,1,1,0,1,0,0,1,0,0,1
6,3,4,2,81,4.78,1,1,1,1,1,1,0,1,0,1
2,1,1,1,18,4.85,0,1,1,0,0,0,1,0,0,1
8,4,6,3,220,4.95,1,1,0,1,1,1,0,1,1,1
6,3,5,2,95,4.88,1,1,1,0,1,1,0,1,0,1
3,0,2,1,65,4.42,1,0,1,1,1,1,0,1,1,0
6,2,4,1,90,4.89,1,1,1,0,1,1,0,1,0,1
2,1,1,2,45,4.76,0,1,0,1,1,1,0,1,1,0
6,3,4,2,130,3.55,1,0,1,1,1,1,0,1,1,1
5,2,3,1,95,4.64,0,0,1,1,1,1,0,1,1,1
2,0,1,1,70,4.0,1,1,1,0,1,1,0,1,1,0
6,2,2,2,120,4.7,1,1,0,1,0,1,1,1,1,1
6,2,4,1,110,4.48,1,0,0,1,1,1,0,1,1,0
3,1,2,1,55,4.85,1,1,1,1,1,1,1,1,1,1
6,4,4,2,130,4.81,1,1,1,1,1,1,0,1,1,1
6,3,4,1,115,4.98,1,1,1,0,1,1,0,1,0,1
2,1,1,1,18,4.0,0,1,1,0,1,1,0,0,1,0
6,2,2,2,120,4.7,1,1,0,1,0,1,1,1,1,1
5,2,4,1,99,3.9,1,0,0,0,1,1,0,1,1,1
2,1,1,1,50,4.0,1,1,0,1,0,0,1,0,0,1
6,2,4,1,90,4.73,1,1,1,0,1,1,1,0,1,0
5,3,3,1,80,4.67,1,1,1,1,1,1,0,0,0,1
2,1,2,1,55,4.93,1,1,1,0,1,1,1,1,1,1
5,2,3,1,130,4.85,1,1,0,1,1,1,0,0,1,1
6,3,3,1,65,4.43,1,0,1,1,1,1,0,0,0,1
2,1,2,1,55,4.83,1,1,1,0,1,1,1,1,0,1
7,2,6,1,150,4.53,1,1,1,0,1,1,0,1,1,1
6,2,3,1,69,4.43,1,0,1,1,1,1,0,1,0,1
2,1,1,1,41,4.61,0,1,0,1,1,1,0,1,1,1
6,2,4,2,185,4.0,1,1,1,1,1,1,0,1,1,1
5,2,2,1,100,4.5,1,1,0,1,1,1,0,1,0,1
1,1,1,1,18,4.64,0,1,1,1,0,0,1,0,0,1
6,2,6,1,130,4.0,1,1,0,1,1,1,0,0,1,1
5,2,1,1,88,4.14,1,0,0,1,0,0,1,0,0,1
6,1,3,1,94,4.64,1,0,0,1,1,1,0,1,1,0
6,3,5,2,105,4.88,1,1,1,0,1,1,0,1,0,1
2,1,1,1,45,4.82,1,0,1,0,1,1,0,0,0,0
5,3,4,2,170,4.68,1,1,0,1,0,0,1,0,0,1
6,3,3,1,64,4.7,1,1,1,1,0,0,1,0,0,1
2,1,1,1,35,4.86,0,1,0,1,1,1,0,1,1,0
6,2,3,2,230,4.65,1,0,1,0,1,1,0,1,0,1
6,2,4,2,101,4.0,1,0,0,1,1,1,0,1,1,0
2,0,2,1,29,3.87,1,0,1,0,1,1,1,0,1,1
6,2,4,1,209,4.0,1,0,1,1,1,1,0,1,1,1
5,1,2,1,101,4.87,1,1,0,1,1,1,0,1,0,1
3,1,2,1,60,4.84,1,1,0,1,1,1,0,1,1,1
6,3,5,2,175,4.91,1,1,1,0,1,1,0,1,1,1
5,2,4,1,115,4.87,1,1,0,1,1,1,0,1,0,1
2,1,1,1,43,4.86,0,1,1,0,0,1,1,1,1,1
5,1,2,2,73,4.38,0,0,0,1,1,1,0,1,1,0
6,3,5,2,133,4.93,1,1,1,0,1,1,0,1,0,1
1,1,1,1,15,4.72,0,1,1,1,1,1,0,0,0,0
7,2,5,2,185,4.78,1,1,1,0,1,1,0,1,1,1
5,3,3,2,69,4.46,1,0,1,1,0,0,1,0,0,1
2,1,1,1,21,4.55,0,1,1,1,0,0,1,0,0,1
6,2,2,2,144,4.6,1,1,1,1,1,1,0,0,1,1
5,3,3,2,106,4.58,1,1,1,1,1,1,0,1,0,1
2,1,1,1,45,4.72,1,1,0,1,1,1,1,0,1,0
5,3,4,2,145,4.5,1,1,1,1,1,1,0,1,0,1
6,3,5,2,107,4.0,1,1,1,1,1,1,0,1,0,1
4,1,2,1,50,3.44,1,0,1,1,1,1,0,1,0,1
6,2,4,2,159,4.84,1,1,1,0,1,1,0,1,1,1
6,3,4,1,90,4.73,1,1,1,1,1,1,0,0,1,1
1,1,1,3,17,5.0,0,1,0,1,1,1,0,0,1,1
6,2,6,2,205,4.0,1,1,0,1,0,0,1,0,0,1
5,2,3,1,121,4.39,1,0,0,1,0,0,1,0,0,1
1,1,1,1,22,4.43,0,1,1,1,0,0,1,0,0,1
7,1,6,1,122,4.29,1,0,1,1,1,1,0,1,0,1
5,2,2,2,130,4.0,1,1,1,0,0,0,1,0,0,1
2,1,1,1,36,4.42,0,0,0,0,1,1,0,1,1,0
6,2,3,2,129,4.0,1,0,1,1,1,1,0,1,1,1
6,2,3,2,105,4.0,1,1,0,1,1,1,0,1,1,1
1,1,2,1,23,4.78,1,1,0,1,1,1,0,1,0,1
6,2,3,2,150,4.61,1,1,1,0,1,1,0,1,1,1
5,3,3,2,69,4.46,1,0,1,1,0,0,1,0,0,1
2,1,1,1,59,4.79,1,1,1,0,1,1,0,1,0,1
5,2,3,1,60,4.5,1,1,1,1,1,1,0,1,1,0
8,4,6,2,107,4.88,1,1,0,1,1,1,0,1,0,1
2,0,2,1,42,4.0,1,1,1,1,0,0,1,0,0,1
6,3,5,2,149,4.86,1,0,1,0,1,1,0,1,1,1
5,2,4,1,105,4.22,1,1,0,1,1,1,0,1,1,1
2,1,1,2,45,4.76,0,1,0,1,1,1,0,1,1,0
5,3,3,2,85,4.0,1,1,1,1,0,0,1,0,0,1
5,2,3,1,121,4.39,1,0,0,1,0,0,1,0,0,1
2,1,2,1,55,4.93,1,1,1,0,1,1,1,1,1,1
5,3,3,1,50,4.84,1,1,1,1,1,1,0,1,1,0
6,2,3,1,77,4.91,1,1,1,0,1,1,0,1,0,1
2,0,2,1,29,3.87,1,0,1,0,1,1,1,0,1,1
6,2,3,2,129,4.76,1,1,1,1,1,1,0,1,1,1
5,2,3,1,45,4.43,1,1,1,1,1,1,0,1,0,1
5,1,3,1,135,4.73,1,1,1,0,1,1,0,1,1,1
6,3,4,2,104,4.78,1,1,1,1,1,1,0,1,0,1
4,1,1,1,55,4.68,1,0,1,0,1,1,0,1,1,0
6,2,3,1,114,4.86,1,1,0,1,1,1,0,1,0,1
5,2,3,2,167,4.0,1,1,1,0,1,1,0,1,0,1
2,0,1,1,63,4.81,1,1,0,1,1,1,0,0,1,0
6,2,3,1,130,4.76,1,1,1,0,1,1,0,1,1,1
5,2,3,1,104,4.64,1,1,0,1,1,1,0,1,0,1
2,1,1,1,35,4.6,0,1,0,1,1,1,0,0,1,0
6,2,3,1,178,4.62,1,1,0,1,1,1,0,1,1,0
6,3,3,2,80,4.64,1,0,0,1,1,1,0,1,1,1
2,1,2,1,71,4.79,1,1,1,0,1,1,1,1,1,0
5,2,1,1,90,4.87,1,1,1,0,0,0,1,0,0,1
5,2,5,2,100,4.87,1,1,1,0,0,0,1,0,0,1
1,1,1,1,25,4.84,1,1,0,1,1,1,0,1,0,1
5,2,3,1,130,4.77,1,1,1,1,1,1,0,1,0,1
6,3,5,2,154,4.47,1,1,1,1,0,0,1,0,0,1
4,2,3,1,70,4.91,1,1,1,1,1,1,0,1,1,1
8,2,4,1,120,4.84,1,1,0,1,1,1,0,1,0,1
6,4,4,1,120,4.0,1,1,1,0,1,1,0,0,0,1
4,1,2,1,69,4.96,1,1,1,1,1,1,0,1,1,0
5,2,2,2,199,4.0,1,1,0,1,1,1,0,1,1,1
6,3,5,2,107,4.0,1,1,1,0,1,1,0,1,0,1
2,1,1,1,70,4.97,1,1,0,1,1,1,1,1,1,1
6,2,3,1,140,4.67,1,1,1,1,1,1,0,1,1,0
5,3,3,1,87,4.75,1,1,1,1,1,1,0,1,0,1
2,0,1,1,48,4.71,1,1,1,1,1,1,0,1,0,0
6,2,4,1,116,4.89,1,1,1,0,1,1,0,1,1,1
6,3,4,1,82,4.44,1,1,1,1,1,1,0,1,0,1
2,1,1,1,40,5.0,1,1,1,1,0,0,1,0,0,1
8,4,6,3,220,4.95,1,1,0,1,1,1,0,1,1,1
7,3,4,2,90,4.91,1,1,0,1,1,1,0,0,0,1
2,1,1,1,50,4.89,1,1,0,1,1,1,0,1,1,1
5,3,3,2,133,4.93,1,1,0,1,1,1,0,0,0,1
5,2,3,1,120,4.49,1,0,0,1,1,1,0,1,1,1
2,0,1,1,57,4.96,1,1,1,0,0,0,1,0,0,1
8,3,4,2,208,4.76,1,1,1,0,1,1,0,1,1,0
6,3,4,1,90,4.77,1,1,0,1,1,1,0,1,1,0
2,1,1,1,18,4.75,0,1,1,1,0,1,1,0,1,0
5,0,3,1,130,3.73,1,0,1,0,1,1,0,1,1,1
5,4,4,1,120,4.73,1,1,1,1,1,1,0,1,0,1
4,2,3,1,70,4.91,1,1,1,1,1,1,0,1,1,1
6,2,3,2,148,4.66,1,1,0,1,1,1,0,0,1,0
5,4,4,1,120,4.73,1,1,1,1,1,1,0,1,0,1
2,0,1,1,57,4.96,1,1,1,0,0,0,1,0,0,1
5,3,3,1,50,4.84,1,1,1,1,1,1,0,1,1,0
6,2,4,1,95,4.67,1,1,0,1,1,1,0,0,1,1
2,1,1,1,25,4.0,0,1,1,1,0,0,1,0,0,1
5,0,3,1,130,3.73,1,0,1,0,1,1,0,1,1,1
5,2,3,2,61,4.75,1,1,1,1,1,1,0,1,0,1
2,1,1,2,45,4.76,0,1,0,1,1,1,0,1,1,0
6,3,6,1,132,4.64,1,1,1,0,1,1,0,1,1,0
5,2,4,1,94,4.25,1,0,0,0,0,0,1,0,0,1
2,0,1,1,49,4.0,1,1,1,1,0,0,1,0,0,1
6,3,3,1,140,4.13,1,0,1,1,1,1,0,0,0,0
6,2,5,1,110,4.07,1,1,0,1,0,0,1,0,0,1
2,1,1,1,39,4.48,1,0,1,1,1,1,0,0,1,0
6,2,2,1,130,4.72,1,1,1,0,1,1,0,0,1,1
6,2,3,2,85,4.37,1,0,1,1,1,1,0,0,1,0
2,1,1,1,70,4.97,1,1,0,1,1,1,1,1,1,1
8,3,4,2,183,4.86,1,1,1,1,1,1,0,1,1,0
6,3,3,3,118,4.64,1,1,1,1,1,1,0,1,1,1
3,1,2,2,46,4.67,0,1,0,1,1,1,0,0,1,1
6,2,4,1,116,4.89,1,1,1,0,1,1,0,1,1,1
5,3,4,2,70,4.65,1,1,1,1,1,1,0,1,1,1
1,1,1,2,25,4.29,0,0,0,1,1,1,1,0,1,1
8,3,5,2,160,4.57,1,1,1,1,1,1,0,1,1,0
5,2,5,1,129,4.71,1,1,0,1,1,1,1,1,0,1
2,1,2,1,75,4.0,1,1,1,0,1,1,0,1,1,0
6,3,4,2,182,4.67,1,1,1,0,1,1,0,1,1,1
5,2,2,1,96,4.43,1,0,0,1,1,1,0,1,0,1
2,1,1,1,35,3.86,1,0,1,1,0,0,1,0,0,1
5,3,3,2,133,4.88,1,1,0,1,1,1,0,0,0,1
5,3,4,2,172,4.0,1,1,1,0,1,1,0,1,1,1
4,1,2,1,68,4.81,1,1,1,1,1,1,0,1,1,1
8,3,5,2,200,4.75,1,1,0,1,1,1,0,1,1,0
5,2,3,1,90,4.86,1,1,1,1,1,1,0,1,1,0
2,1,1,1,41,4.89,0,1,1,0,1,1,0,0,0,0
6,2,3,2,193,4.68,1,1,0,1,1,1,0,1,1,0
6,3,5,2,107,4.0,1,1,1,1,1,1,0,1,0,1
3,2,2,1,69,4.78,1,1,1,0,1,1,0,1,0,1
6,2,3,2,169,4.61,1,1,1,0,1,1,0,1,1,1
6,3,4,1,112,4.93,1,1,1,1,1,1,0,1,0,1
4,1,2,1,71,4.96,1,1,1,1,1,1,0,1,1,0
8,3,5,2,211,4.0,1,1,1,0,1,1,0,1,1,0
6,4,4,2,90,4.83,1,1,1,1,1,1,0,1,0,1
2,1,1,1,65,4.66,1,1,1,0,1,1,0,1,0,1
5,2,3,2,150,4.9,1,1,1,0,1,1,0,1,1,1
5,2,3,1,89,4.51,1,0,0,1,1,1,0,1,1,0
4,2,3,1,75,5.0,1,1,0,1,1,1,0,1,1,0
6,2,4,2,160,4.64,1,1,1,0,1,1,0,1,1,0
5,3,3,2,130,4.0,1,1,1,1,1,1,0,1,1,0
4,1,2,1,60,4.0,1,1,1,0,1,1,0,1,1,0
6,2,4,1,236,4.0,1,0,1,1,1,1,0,1,1,0
6,3,5,1,166,4.69,1,1,1,1,0,1,1,1,0,1
1,1,1,1,35,4.83,0,1,1,0,1,1,0,0,1,1
6,2,3,2,140,5.0,1,1,1,0,1,1,0,1,1,1
5,2,5,2,115,4.87,1,1,1,0,1,1,0,1,0,1
2,0,1,1,63,4.88,1,1,0,1,1,1,0,0,1,0
8,3,4,2,206,4.63,1,1,0,1,1,1,0,1,1,1
6,2,4,1,98,4.3,1,0,1,0,1,1,0,1,0,0
2,1,1,1,35,3.86,1,0,1,1,0,0,1,0,0,1
6,2,3,2,140,5.0,1,1,1,0,1,1,0,1,1,1
5,3,4,1,165,4.91,1,1,1,0,1,1,0,1,1,1
5,2,3,1,85,4.95,1,1,1,0,1,1,0,1,0,1
8,3,4,2,206,4.63,1,1,0,1,1,1,0,1,1,1
6,3,5,1,166,4.69,1,1,1,1,0,1,1,1,0,1
2,1,1,1,75,4.91,1,1,1,0,0,1,1,1,0,1
6,2,3,1,159,4.0,1,1,1,0,1,1,0,0,0,1
6,3,5,2,121,4.92,1,1,0,1,1,1,0,1,1,1
2,1,1,1,18,4.55,0,1,1,0,1,1,0,0,1,0
5,2,3,1,108,4.84,1,1,1,0,1,1,0,1,1,0
6,3,4,2,127,4.78,1,1,1,1,1,1,0,1,0,1
2,0,2,1,42,4.0,1,1,1,1,0,0,1,0,0,1
6,3,3,2,152,4.88,1,1,1,0,1,1,0,1,1,0
6,3,5,2,107,4.0,1,1,1,1,1,1,0,1,0,1
4,1,2,1,60,4.0,1,1,1,0,1,1,0,1,1,0
5,2,4,1,75,4.39,1,0,1,1,1,1,1,1,1,0
5,4,5,1,79,4.17,1,0,1,1,1,1,0,1,1,1
2,1,1,1,41,4.89,0,1,1,0,1,1,0,0,0,0
6,3,4,2,172,4.0,1,1,1,1,1,1,0,1,1,1
2,1,1,1,63,4.73,1,0,0,0,0,1,0,0,1,0
8,3,4,2,167,4.72,1,1,1,1,1,1,0,1,1,0
6,3,4,2,165,4.88,1,1,1,0,1,1,0,1,1,1
2,1,1,1,60,4.71,1,1,1,0,1,1,0,0,0,0
5,2,3,1,90,4.75,1,1,1,0,1,1,0,0,0,1
5,3,6,2,150,5.0,1,1,1,0,1,1,0,1,1,0
2,0,1,1,63,4.85,1,1,0,1,1,1,0,0,1,1
6,2,3,1,120,4.96,1,1,0,1,1,1,0,1,1,1
6,2,4,2,103,4.78,1,1,1,0,0,0,1,0,0,1
2,1,1,1,60,4.75,1,1,1,1,1,1,0,1,1,0
5,2,4,1,132,4.0,1,0,1,0,1,1,0,1,1,1
5,3,4,1,113,4.97,1,1,1,0,1,1,0,1,0,1
1,1,1,2,25,4.29,0,0,0,1,1,1,1,0,1,1
7,0,6,1,100,4.63,1,1,1,0,1,1,0,1,1,1
5,2,3,1,105,4.9,1,1,1,0,1,1,0,1,1,0
4,0,2,1,75,3.93,1,1,1,0,1,1,0,1,1,1
6,2,3,2,135,4.8,1,1,0,1,1,1,0,0,0,0
5,3,5,2,145,4.49,1,1,1,1,1,1,0,1,1,1
2,1,1,1,63,4.35,1,1,1,1,1,1,1,1,1,0
6,3,3,2,140,4.6,1,1,1,0,1,1,0,1,1,1
5,2,2,2,167,4.0,1,1,1,0,1,1,0,1,1,1
1,1,1,1,35,4.83,0,1,1,0,1,1,0,0,1,1
6,2,3,2,119,4.98,1,1,1,1,1,1,0,1,1,0
7,3,6,2,121,4.25,1,0,0,1,0,0,1,0,0,1
2,0,2,1,48,4.15,1,1,1,1,1,1,0,1,0,1
6,2,3,2,150,4.63,1,1,0,1,1,1,0,1,1,1
6,3,4,1,171,4.0,1,0,1,1,1,1,0,1,0,1
2,0,1,1,65,4.7,1,1,0,1,1,1,0,1,1,0
8,3,4,3,120,4.92,1,1,1,0,1,1,0,1,1,0
5,3,3,2,236,4.0,1,1,1,0,1,1,0,1,1,1
2,1,1,1,38,4.86,0,1,1,1,0,0,1,0,0,1
6,2,3,1,204,4.62,1,1,0,1,1,1,0,1,1,0
5,2,2,1,69,4.0,1,1,1,1,1,1,0,1,1,1
2,1,1,1,40,4.6,0,0,1,0,0,1,1,0,1,1
5,2,2,1,155,4.6,1,1,0,1,1,1,0,1,1,1
5,2,3,1,110,4.0,1,0,0,1,1,1,0,1,1,1
2,1,1,2,36,4.65,0,1,0,1,1,1,0,0,1,1
6,2,3,2,176,4.69,1,1,0,1,1,1,0,1,1,0
8,4,7,2,220,5.0,1,1,1,0,0,0,1,0,0,1
2,1,1,1,38,4.86,0,1,1,1,0,0,1,0,0,1
6,2,3,1,115,4.86,1,1,0,1,1,1,0,1,0,1
5,3,4,1,113,4.97,1,1,1,0,1,1,0,1,0,1
2,1,1,1,40,4.6,0,0,1,0,0,1,1,0,1,1
6,2,4,1,160,4.89,1,1,1,0,1,1,0,1,1,1
5,2,3,1,105,4.9,1,1,1,0,1,1,0,1,1,0
2,1,1,2,36,4.65,0,1,0,1,1,1,0,0,1,1
8,3,5,2,206,4.75,1,1,0,1,1,1,0,1,1,0
5,3,5,2,145,4.49,1,1,1,1,1,1,0,1,1,1
2,0,1,1,59,4.73,1,1,0,1,1,1,0,1,1,0
7,3,5,1,86,4.67,1,1,0,1,1,1,0,0,0,1
6,3,4,1,171,4.0,1,0,1,1,1,1,0,1,0,1
3,2,2,1,52,4.89,1,1,1,1,1,1,0,1,1,1
6,2,3,1,95,4.17,1,0,0,1,0,0,1,0,0,1
5,2,3,1,110,4.0,1,0,0,1,1,1,0,1,1,1
2,0,1,1,63,4.82,1,1,0,1,1,1,0,0,1,0
6,3,5,2,152,4.73,1,1,1,0,1,1,1,1,1,0
6,3,5,2,107,4.0,1,1,1,1,1,1,0,1,0,1
2,1,1,2,41,4.57,0,1,0,1,1,1,0,0,1,0
6,3,3,3,205,5.0,1,1,1,0,1,1,0,1,1,0
6,2,3,2,197,4.0,1,1,0,1,1,1,0,1,1,0
4,1,2,1,50,3.44,1,0,1,1,1,1,0,1,0,1
6,2,3,1,155,4.96,1,1,1,0,1,1,0,1,1,0
5,2,3,1,63,4.43,1,1,1,1,1,1,0,1,0,1
4,1,2,1,64,4.34,1,0,1,1,1,1,0,1,0,1
6,3,4,2,184,4.0,1,1,1,1,1,1,0,1,1,1
6,2,3,2,104,5.0,1,1,0,1,1,1,0,1,1,1
2,1,1,1,68,4.54,1,0,1,0,1,1,0,1,1,0
6,3,3,3,172,4.22,1,0,1,0,0,0,1,0,0,1
8,4,5,2,150,4.85,1,1,1,0,0,0,1,0,0,1
2,1,1,1,65,4.63,1,1,1,0,1,1,0,1,1,1
6,2,4,1,90,4.23,1,1,0,1,1,1,0,1,0,1
6,2,2,2,189,4.96,0,1,1,1,0,0,1,1,0,1
5,3,3,1,72,4.47,1,0,0,0,1,1,0,1,1,0
4,1,2,1,50,4.59,1,0,1,1,1,1,0,0,0,1
6,3,5,1,87,4.91,1,1,1,1,1,1,0,1,1,1
5,2,2,1,119,4.86,1,1,1,0,0,0,1,0,0,1
3,1,2,1,80,4.96,1,1,1,0,1,1,0,1,1,1
5,2,2,2,160,4.74,1,1,0,1,1,1,0,0,1,1
6,3,4,2,156,4.46,1,0,0,1,1,1,0,1,0,1
2,1,1,1,67,4.0,1,0,1,1,1,1,0,0,1,0
7,0,6,1,100,4.63,1,1,1,0,1,1,0,1,1,1
6,3,5,2,112,4.0,1,1,1,0,1,1,0,1,0,1
5,2,2,1,45,4.18,1,1,1,1,1,1,0,0,1,0
5,2,3,1,140,4.86,1,1,1,1,1,1,0,1,1,0
6,3,3,1,47,4.0,1,1,1,1,0,0,1,0,0,1
1,1,1,1,30,4.68,0,1,1,0,0,1,1,1,1,1
6,2,3,2,165,4.97,1,1,0,1,1,1,0,1,0,1
6,2,3,1,130,4.86,1,1,1,0,1,1,0,1,1,1
4,1,2,1,56,4.55,1,1,0,1,1,1,0,1,1,1
6,2,3,1,160,4.67,1,1,1,1,0,0,1,0,0,1
5,3,4,1,60,4.73,1,1,1,1,1,1,0,1,0,1
2,1,2,1,50,4.4,1,0,0,1,1,1,0,1,1,1
6,2,4,1,189,4.86,1,1,0,1,1,1,0,1,1,0
5,3,3,1,85,4.65,1,0,1,1,1,1,0,0,1,0
2,1,1,1,45,4.76,1,1,0,1,1,1,1,0,1,0
6,2,4,2,181,4.64,1,1,0,1,1,1,0,1,1,0
7,3,5,2,125,4.94,1,0,1,0,1,1,0,1,1,1
3,1,1,1,89,4.96,1,1,1,0,1,1,0,1,1,0
6,2,3,1,160,4.67,1,1,1,1,0,0,1,0,0,1
5,2,4,1,95,4.5,1,1,0,1,1,1,0,1,0,1
6,2,3,1,89,4.49,1,1,1,1,1,1,0,1,0,1
5,2,2,1,155,4.6,1,1,0,1,1,1,0,1,1,1
6,3,6,2,90,4.7,1,1,1,1,1,1,0,1,1,1
3,1,2,1,75,4.0,1,0,1,0,1,1,0,1,1,0
6,2,3,1,120,4.86,1,1,0,1,1,1,0,0,0,1
5,2,3,2,61,4.75,1,1,1,1,1,1,0,1,0,1
2,1,1,1,51,4.0,0,1,1,0,1,1,1,1,1,0
6,2,3,2,195,4.0,1,1,0,1,1,1,0,1,1,0
2,1,2,1,50,4.45,1,1,1,0,1,1,1,1,0,0
6,3,4,1,60,4.8,1,1,1,1,1,1,0,1,0,1
2,1,1,1,20,4.55,0,1,1,0,1,1,0,0,1,0
5,1,2,1,179,4.0,1,0,1,0,1,1,0,1,1,1
8,4,5,2,120,4.85,1,1,1,0,1,1,0,1,0,1
2,0,1,1,63,4.91,1,1,0,1,1,1,0,0,0,1
6,3,5,2,152,4.73,1,1,1,0,1,1,1,1,1,0
5,3,3,1,138,5.0,1,1,1,0,1,1,0,1,0,1
2,1,1,1,45,4.72,1,1,0,1,1,1,1,0,1,0
8,2,4,1,120,4.9,1,1,0,1,1,1,0,1,0,1
10,4,8,2,224,4.93,1,1,0,1,1,1,0,1,0,1
2,1,1,1,49,4.52,0,1,1,0,1,1,1,1,1,0
6,2,3,2,160,4.0,1,1,1,1,1,1,0,1,1,1
6,2,3,1,120,5.0,1,1,1,0,1,1,0,0,0,1
3,1,2,1,45,4.57,1,1,1,1,0,1,0,1,1,1
6,2,2,2,173,4.93,1,1,1,0,1,1,0,1,0,1
6,3,4,1,138,4.88,1,1,1,1,1,1,0,1,1,1
6,3,4,2,94,4.37,1,0,1,0,1,1,0,1,1,1
6,3,3,2,229,4.71,1,1,0,1,1,1,0,1,1,0
6,3,3,2,95,4.34,1,0,1,1,1,1,0,1,1,1
3,0,2,1,72,4.67,1,0,1,1,1,1,0,1,1,0
6,1,3,1,120,4.96,1,1,0,1,1,1,0,1,1,1
6,3,5,2,133,4.93,1,1,1,0,1,1,0,1,0,1
2,0,1,1,53,4.8,1,1,0,1,1,1,0,1,1,0
5,2,4,1,125,4.64,1,1,1,1,1,1,0,1,1,0
6,3,4,2,125,4.46,1,0,0,1,1,1,0,1,0,1
4,2,2,1,90,4.94,1,1,1,0,1,1,0,1,1,1
8,3,4,2,167,4.72,1,1,1,1,1,1,0,1,1,0
5,2,4,2,109,4.0,1,1,1,1,1,1,1,1,1,0
4,1,1,1,82,4.72,1,1,1,1,1,1,1,1,1,0
6,2,2,1,145,4.79,1,1,0,1,1,1,0,1,0,1
6,3,3,2,70,4.64,1,0,0,1,1,1,0,1,1,1
2,1,1,1,40,4.73,1,1,1,1,1,1,0,1,0,1
6,2,4,2,191,4.82,1,1,1,1,1,1,0,1,1,1
5,3,3,2,106,4.58,1,1,1,1,1,1,0,1,0,1
2,1,1,1,43,4.84,1,1,1,1,1,1,0,0,1,1
6,2,6,1,150,4.0,1,1,1,1,1,1,1,1,1,1
5,2,3,1,97,4.64,0,0,1,1,1,1,0,1,1,1
4,1,2,1,80,4.62,1,1,1,0,1,1,0,1,1,0
8,3,5,1,150,4.79,1,1,1,0,1,1,0,1,1,0
6,2,4,1,105,4.67,1,1,0,1,0,0,1,0,0,1
4,1,2,1,60,3.33,1,1,1,0,1,1,1,0,0,0
7,3,4,2,115,4.82,1,1,1,1,1,1,0,1,0,1
2,1,1,1,60,4.64,1,0,1,0,0,0,1,0,0,1
7,2,1,1,135,4.4,1,1,0,1,0,0,1,0,0,1
6,2,2,1,84,4.19,1,1,1,1,1,1,0,0,0,1
4,1,2,1,60,3.33,1,1,1,0,1,1,1,0,0,0
6,3,3,1,67,4.78,1,1,0,1,1,1,0,1,0,1
6,2,4,2,222,4.0,1,1,1,1,1,1,0,1,0,1
2,1,1,1,60,4.64,1,0,1,0,0,0,1,0,0,1
6,2,3,1,155,4.96,1,1,1,0,1,1,0,1,1,0
6,3,4,1,70,4.77,1,1,0,1,1,1,0,1,1,0
2,1,1,1,35,4.86,0,1,0,1,1,1,0,1,1,0
6,2,3,2,140,4.81,1,1,0,1,1,1,0,1,0,1
6,2,5,1,121,4.0,1,1,1,1,1,1,0,1,0,1
2,0,2,1,50,4.73,1,0,1,1,1,1,0,1,1,0
6,3,3,3,212,4.22,1,0,1,0,0,0,1,0,0,1
6,2,3,1,45,4.73,1,1,1,1,1,1,0,1,0,1
2,1,1,1,55,4.69,1,1,1,1,1,1,0,1,1,0
5,0,4,1,78,4.4,1,0,1,0,0,1,1,1,1,0
6,2,3,1,79,4.67,1,0,1,1,1,1,0,1,1,1
2,0,1,1,54,4.8,1,1,0,1,1,1,0,1,1,0
5,2,2,2,160,4.74,1,1,0,1,1,1,0,0,1,1
6,2,2,1,116,4.0,1,1,0,1,0,0,1,0,0,1
5,2,2,1,48,4.18,1,1,1,1,1,1,0,0,1,0
5,2,4,1,115,4.73,1,1,0,1,1,1,1,1,1,0
5,3,3,1,166,4.0,1,1,1,0,0,0,1,0,0,1
2,0,1,1,63,4.73,1,1,0,1,1,1,0,0,1,0
6,3,5,2,152,4.73,1,1,1,0,1,1,1,1,1,0
6,3,5,2,107,4.0,1,1,1,0,1,1,0,1,0,1
2,1,1,1,27,4.83,0,1,1,1,1,1,1,1,1,1
6,2,4,1,164,4.0,1,0,1,1,1,1,0,1,1,0
6,2,4,1,90,4.83,1,1,1,0,0,0,1,0,0,1
2,1,1,1,63,4.75,1,1,0,1,1,1,0,0,1,0
6,0,5,1,150,4.11,1,0,1,0,1,1,0,1,0,1
6,3,3,2,199,4.69,1,1,1,1,1,1,0,1,0,1
2,1,1,1,55,4.79,1,0,1,1,0,0,1,0,0,1
6,3,3,3,205,5.0,1,1,1,0,1,1,0,1,1,0
6,3,5,1,90,4.89,1,1,1,1,1,1,0,1,0,1
2,1,1,1,52,4.61,1,1,1,0,1,1,1,1,1,1
6,2,4,1,195,4.75,1,1,1,0,1,1,0,1,1,1
5,2,4,2,75,4.8,1,1,1,1,0,0,1,0,0,1
1,1,1,1,21,4.78,0,1,1,0,1,1,0,0,1,0
6,2,3,1,170,4.77,1,1,1,0,1,1,0,1,1,0
8,3,7,2,128,5.0,1,1,1,1,1,1,0,1,0,1
2,1,4,1,56,4.68,1,1,0,1,1,1,0,1,0,1
6,2,3,2,178,4.85,1,1,1,0,1,1,0,1,1,0
5,4,4,1,90,4.74,1,1,1,1,1,1,0,1,0,1
4,1,1,1,55,5.0,1,1,1,0,1,1,0,1,1,0
6,2,3,1,129,4.65,1,1,1,1,1,1,0,0,1,1
6,3,4,2,103,3.67,1,0,1,1,1,0,0,0,1,1
2,1,1,3,50,4.91,0,1,1,0,0,0,1,0,0,1
6,2,3,2,140,4.83,1,1,1,0,1,1,0,1,1,0
5,2,2,1,70,4.71,1,1,0,1,1,1,0,1,0,1
4,2,3,1,69,4.88,1,1,1,0,1,1,0,1,0,1
6,2,3,1,122,4.86,1,1,0,1,1,1,0,0,0,1
6,3,4,3,110,4.63,1,0,1,1,1,1,0,1,0,1
2,1,1,1,50,5.0,1,1,1,1,1,1,0,1,1,1
5,3,4,1,85,4.63,1,1,1,1,1,1,0,0,0,0
6,2,2,1,116,4.0,1,0,0,1,1,1,0,1,1,1
4,1,2,1,75,4.82,1,1,1,0,1,1,0,1,0,1
6,2,4,2,115,4.91,1,1,0,1,0,0,1,0,0,1
4,2,2,2,84,4.39,1,1,1,0,1,1,1,1,1,0
5,2,2,1,115,4.0,1,0,1,1,1,0,0,1,0,0
5,2,5,1,180,4.71,1,1,0,1,1,1,1,1,0,1
3,0,2,1,72,4.67,1,0,1,1,1,1,0,1,1,0
5,2,4,2,129,4.0,1,1,0,1,1,1,1,1,1,0
6,3,4,2,161,4.58,1,1,1,1,0,0,1,0,0,1
2,1,1,1,38,4.92,0,1,1,1,1,1,0,1,1,1
5,2,4,1,174,4.0,1,1,1,1,1,1,0,1,1,1
6,3,3,1,154,4.56,1,1,1,1,1,1,0,1,0,1
2,1,1,1,63,4.75,1,1,0,1,1,1,0,0,1,0
5,1,3,2,77,4.0,0,0,0,1,1,1,0,1,1,1
6,3,3,2,100,5.0,1,1,0,1,1,1,0,1,1,1
2,1,1,1,55,4.69,1,1,1,1,1,1,0,1,1,0
6,2,3,1,100,3.67,1,1,1,1,1,1,0,1,1,1
8,3,7,1,109,4.82,1,1,1,1,1,1,0,0,1,1
2,1,1,1,40,4.68,0,1,1,0,0,1,1,0,1,1
6,0,5,1,110,3.93,1,0,1,0,1,1,0,1,1,1
6,3,5,1,88,4.63,1,1,1,1,1,1,0,1,0,1
4,1,1,1,82,4.72,1,1,1,1,1,1,1,1,1,0
6,3,3,3,205,5.0,1,1,1,0,1,1,0,1,1,0
2,1,1,1,28,4.57,0,1,1,0,0,0,1,0,0,1
8,3,4,2,238,4.63,1,1,0,1,1,1,0,1,1,1
5,3,3,1,124,4.77,1,1,0,1,1,1,0,1,1,1
5,0,4,1,42,4.43,1,0,1,0,0,1,1,1,1,0
6,2,4,1,195,4.75,1,1,1,0,1,1,0,1,1,1
5,2,3,2,100,4.63,1,1,1,1,1,1,0,1,0,1
1,1,1,1,15,5.0,0,1,1,1,0,0,1,0,0,1
6,2,4,2,185,4.0,1,1,1,1,1,1,0,1,1,1
6,3,4,1,85,4.83,1,1,0,1,1,1,0,1,1,0
4,2,2,1,90,4.94,1,1,1,0,1,1,0,1,1,1
6,3,6,2,180,4.0,1,1,1,1,1,1,0,1,1,1
6,3,4,1,85,4.59,1,0,1,1,1,1,0,1,1,1
6,3,4,2,94,4.37,1,0,1,0,1,1,0,1,1,1
6,2,2,1,145,4.79,1,1,0,1,1,1,0,1,0,1
5,3,3,1,154,4.63,1,0,1,0,1,1,0,1,1,0
2,1,2,1,25,4.85,0,1,1,0,1,1,0,0,1,0
6,2,3,1,228,4.62,1,1,0,1,1,1,0,1,1,0
7,3,5,2,87,4.56,1,0,0,1,1,1,0,0,0,1
4,1,2,1,80,4.62,1,1,1,0,1,1,0,1,1,0
6,2,2,2,140,4.55,1,1,0,1,1,1,0,1,1,1
5,2,4,2,107,4.0,1,0,1,1,0,0,1,0,0,1
2,0,2,1,70,4.86,1,1,1,0,0,0,1,0,0,1
5,2,3,1,55,4.81,1,1,1,1,1,1,0,1,1,0
5,3,4,1,80,4.73,1,1,1,1,1,1,0,1,0,1
2,0,1,1,55,4.81,1,0,1,0,1,1,0,1,1,0
7,3,5,2,125,4.94,1,0,1,0,1,1,0,1,1,1
1,1,1,1,25,4.67,0,1,1,0,1,1,0,1,0,1
6,3,3,1,145,5.0,1,1,1,1,1,1,0,1,1,1
5,3,3,1,138,5.0,1,1,1,0,1,1,0,1,0,1
2,1,1,1,41,4.62,0,0,1,0,0,1,1,1,1,0
5,2,4,1,79,4.25,1,1,1,1,1,1,0,0,0,1
5,2,3,1,105,4.9,1,1,1,0,1,1,0,1,1,0
1,1,1,1,38,4.93,0,0,1,0,1,1,1,1,1,0
6,3,3,3,212,4.22,1,0,1,0,0,0,1,0,0,1
5,1,2,1,138,4.91,1,1,0,1,1,1,0,1,0,1
3,0,2,1,40,4.36,1,1,1,0,1,1,0,1,1,1
8,3,5,2,180,4.42,1,1,1,0,1,1,0,1,1,1
6,3,3,2,95,4.34,1,0,1,1,1,1,0,1,1,1
2,1,1,1,34,4.95,0,1,0,1,1,1,0,1,1,1
6,2,3,2,140,4.98,1,1,1,1,1,1,0,1,1,0
6,3,4,1,90,4.77,1,1,0,1,1,1,0,1,1,0
3,1,2,2,28,4.47,0,1,1,1,0,1,0,0,0,1
6,2,4,1,145,4.81,1,1,1,0,1,1,0,1,1,1
6,2,5,2,110,4.72,1,0,0,0,1,1,1,1,1,1
6,3,5,2,89,4.91,1,1,1,1,1,0,0,1,0,1
5,2,3,2,150,4.68,1,0,0,1,1,1,1,1,1,0
4,2,2,1,69,4.78,1,1,1,0,1,1,0,1,1,0
6,2,3,2,190,4.63,1,1,0,1,1,1,0,1,1,1
2,1,1,1,61,4.73,0,1,0,1,0,0,1,0,0,1
5,2,4,1,174,4.0,1,1,1,1,1,1,0,1,1,1
6,3,4,2,141,4.58,1,1,1,1,0,0,1,0,0,1
3,0,2,1,72,4.73,1,0,0,0,1,1,0,1,1,0
6,2,4,2,170,4.89,1,1,1,0,1,1,0,1,1,1
6,2,3,1,94,4.0,1,1,1,1,1,1,0,1,0,1
2,1,2,1,30,4.91,0,1,1,0,0,1,1,1,0,1
6,3,4,2,160,4.6,1,1,1,0,0,0,1,0,0,1
6,3,3,2,135,4.78,1,1,0,1,1,1,0,1,0,1
1,1,1,1,65,4.6,0,1,1,1,0,1,1,1,1,1
7,2,4,1,152,4.53,1,1,0,1,1,1,0,1,1,0
5,2,4,2,144,4.86,1,1,1,0,0,0,1,0,0,1
2,1,1,1,25,4.7,0,1,1,0,1,1,1,1,1,0
6,2,3,2,200,4.84,1,1,1,0,1,1,0,0,1,0
5,2,4,1,145,4.64,1,1,1,0,1,1,0,1,0,1
2,1,1,1,65,4.88,1,1,1,0,0,0,1,0,0,1
5,3,4,1,85,4.63,1,1,1,1,1,1,0,0,0,0
5,2,4,1,100,4.74,1,1,1,0,1,1,0,1,1,1
2,1,1,1,60,4.77,1,1,1,0,1,1,0,1,1,1
5,2,5,1,161,4.6,1,1,0,1,1,1,0,0,1,0
6,3,5,2,107,4.0,1,1,1,1,1,1,0,1,0,1
5,2,2,1,50,4.18,1,1,1,1,1,1,0,0,1,0
5,3,3,2,85,4.0,1,1,1,1,0,0,1,0,0,1
2,1,1,1,50,4.87,0,1,1,0,0,1,0,1,1,1
8,3,3,1,135,4.22,1,0,1,1,0,0,1,0,0,1
6,3,3,2,70,4.34,1,0,1,1,1,1,0,1,1,1
4,1,2,1,64,4.0,1,1,1,1,1,1,0,1,0,0
6,3,5,2,185,4.88,1,1,1,1,1,1,0,1,1,0
6,2,3,1,78,4.5,1,1,0,1,1,1,0,1,1,0
2,1,1,1,36,4.9,0,1,1,0,1,1,1,1,1,0
6,2,4,2,171,4.73,1,1,1,1,1,1,0,1,1,1
8,4,6,2,240,4.0,1,1,0,1,1,1,0,0,1,1
2,1,1,1,60,4.6,1,1,1,0,1,1,0,1,1,0
5,2,4,1,90,4.0,1,0,1,1,1,1,1,1,1,0
6,3,4,3,110,4.63,1,0,1,1,1,1,0,1,0,1
2,1,1,1,59,4.84,1,1,0,1,0,0,1,0,0,1
6,2,3,1,103,4.57,1,1,1,1,1,1,0,1,0,1
2,1,1,1,39,4.0,0,1,1,1,0,0,1,0,0,1
6,2,4,2,159,4.84,1,1,1,0,1,1,0,1,1,1
5,3,4,1,150,4.8,1,0,1,1,1,1,1,0,1,1
1,1,1,1,20,4.59,0,1,1,0,1,1,0,0,1,1
6,2,3,1,150,4.28,1,0,0,1,1,1,0,1,0,1
2,0,1,1,63,5.0,1,1,0,1,0,0,1,0,0,1
6,3,3,3,230,4.62,1,0,1,0,1,1,0,1,1,1
5,3,3,1,94,4.51,1,1,1,1,1,1,0,1,0,1
1,1,1,1,23,4.91,0,1,1,0,0,1,0,0,0,1
6,2,4,1,209,4.0,1,0,1,1,1,1,0,1,1,1
5,1,3,1,67,3.5,1,0,0,1,1,1,0,0,0,1
2,1,1,1,45,4.64,0,1,1,1,0,1,1,0,1,1
6,2,3,1,175,4.64,1,1,0,1,1,1,0,1,0,1
6,2,2,2,242,4.57,1,1,0,1,1,1,0,1,1,0
2,1,1,1,26,4.85,0,1,1,0,1,1,0,0,1,0
6,2,3,1,170,4.19,1,1,1,1,1,1,0,1,1,1
6,3,4,1,95,4.77,1,1,0,1,1,1,0,1,1,0
2,1,1,1,75,4.89,1,1,1,1,1,1,0,1,1,1
6,2,4,1,209,4.0,1,0,1,1,1,1,0,1,1,1
5,2,4,1,175,4.38,1,1,1,0,1,1,0,0,0,1
2,1,1,1,59,5.0,1,1,1,0,0,0,1,0,0,1
6,2,3,1,175,4.37,1,1,1,1,1,1,0,1,1,1
6,3,5,1,94,4.63,1,1,1,1,1,1,0,1,0,1
2,0,1,1,63,4.86,1,1,0,1,0,0,1,0,0,1
5,3,4,1,119,4.84,1,1,1,1,1,0,0,1,0,0
8,3,5,1,82,4.0,1,0,1,1,1,1,0,1,0,0
2,1,1,1,65,4.0,1,1,1,0,1,1,0,0,1,0
6,3,3,1,190,4.13,1,0,1,1,1,1,0,0,0,0
5,3,3,1,71,4.47,1,0,0,0,1,1,0,1,1,0
2,1,1,1,35,4.85,0,1,1,0,1,1,1,1,1,1
8,3,7,2,218,4.62,1,1,0,1,1,1,0,1,1,0
6,3,5,1,140,4.8,1,1,1,0,1,1,0,1,1,1
5,2,4,2,232,4.81,1,1,1,0,0,0,1,0,0,1
6,3,5,2,115,4.0,1,1,1,1,1,1,0,1,0,1
3,1,1,1,58,4.66,1,0,1,0,1,1,0,1,1,1
7,2,1,1,135,4.4,1,1,0,1,0,0,1,0,0,1
5,2,3,2,175,4.55,1,1,0,1,1,1,0,1,0,1
8,3,5,1,100,4.59,1,1,1,1,1,1,0,1,0,1
2,1,1,1,63,4.84,1,1,0,1,0,1,1,0,1,1
6,2,3,2,110,3.92,1,1,1,1,1,1,0,0,0,0
6,2,3,2,128,4.0,1,1,0,1,1,1,0,0,0,1
2,1,1,1,60,3.69,1,0,1,0,0,0,1,0,0,1
6,2,4,1,212,4.0,1,0,1,1,1,1,0,1,1,0
6,2,4,1,110,4.45,1,1,0,1,1,1,0,1,0,1
3,1,2,1,59,4.56,1,0,1,1,1,1,0,1,0,1
6,2,4,2,185,4.0,1,1,1,1,1,1,0,1,1,1
5,2,1,1,85,4.41,1,0,1,0,0,0,1,0,0,1
2,1,2,1,55,4.83,0,1,1,0,0,1,1,0,1,1
6,2,1,1,150,4.83,1,1,0,1,0,0,1,0,0,1
6,3,5,2,142,4.62,1,0,1,1,1,1,0,1,0,1
3,1,2,1,55,4.62,1,1,1,0,1,1,0,0,1,1
6,2,3,1,140,4.0,1,1,0,1,1,1,0,0,1,1
3,1,2,1,55,4.91,0,1,1,0,0,1,1,1,1,1
5,2,3,1,120,4.69,1,1,1,1,1,1,0,1,1,1
6,1,2,1,90,4.0,1,1,1,1,1,1,1,1,1,0
2,1,2,1,52,4.87,1,1,0,1,1,1,0,1,0,1
8,2,6,1,200,4.56,1,0,0,0,1,1,0,1,1,1
5,2,4,2,117,4.0,1,0,1,1,0,0,1,0,0,1
3,1,2,1,80,4.62,1,1,1,1,1,1,0,1,1,1
6,2,6,1,130,4.0,1,1,0,1,1,1,0,0,1,1
8,3,7,1,125,4.82,1,1,1,1,1,1,0,0,1,1
3,0,1,1,70,4.0,1,1,1,1,1,1,0,1,1,0
6,2,6,2,205,4.0,1,1,0,1,0,0,1,0,0,1
8,3,3,2,174,4.9,1,1,1,1,1,1,0,1,0,1
4,1,1,1,35,4.66,1,0,1,1,0,0,1,0,0,1
6,2,2,2,189,4.96,0,1,1,1,0,0,1,1,0,1
5,2,4,1,95,4.5,1,1,0,1,1,1,0,1,0,1
2,1,1,1,57,4.45,1,0,1,1,1,1,0,1,1,0
5,1,1,1,125,4.72,1,1,1,0,1,1,0,1,1,0
6,3,5,2,179,4.8,1,1,1,0,1,1,0,1,0,1
6,2,3,1,170,4.19,1,1,1,1,1,1,0,1,1,1
5,3,4,1,88,4.67,1,0,1,1,1,1,0,0,0,1
2,1,1,1,45,4.84,0,1,1,0,1,1,0,1,1,1
6,3,5,2,142,4.62,1,0,1,1,1,1,0,1,0,1
2,1,2,1,30,4.91,0,1,1,0,0,1,1,1,0,1
6,2,3,2,110,3.92,1,1,1,1,1,1,0,0,0,0
6,2,3,1,128,4.0,1,1,0,1,1,1,0,0,1,1
3,1,1,1,85,4.68,1,1,1,1,1,1,0,0,1,0
5,2,3,1,172,4.75,1,1,0,1,0,0,1,0,0,1
6,1,2,1,90,4.0,1,1,1,1,1,1,1,1,1,0
2,0,1,1,63,4.82,1,1,0,1,0,0,1,0,0,1
6,3,3,1,200,4.0,1,1,0,1,1,1,0,1,1,0
5,2,4,2,117,4.0,1,0,1,1,0,0,1,0,0,1
1,1,1,1,20,4.59,0,1,1,0,1,1,0,0,1,1
5,3,3,2,248,4.38,1,1,0,1,1,1,0,1,1,0
8,3,3,2,174,4.9,1,1,1,1,1,1,0,1,0,1
2,0,1,1,68,4.68,1,1,1,0,0,0,1,0,0,1
6,2,3,1,210,4.92,1,1,1,0,1,1,0,1,0,1
5,3,4,1,88,4.38,1,0,1,1,1,1,0,1,0,1
2,1,1,1,50,4.99,0,1,1,0,1,1,1,1,1,0
6,3,4,1,149,4.69,1,1,0,1,1,1,0,1,0,1
8,3,4,2,197,5.0,1,1,1,1,0,0,1,0,0,1
2,1,1,1,66,4.0,1,1,1,0,1,1,0,0,1,0
5,2,2,1,184,4.37,1,0,1,1,0,0,1,0,0,1
5,2,4,1,95,4.5,1,1,0,1,1,1,0,1,0,1
3,1,2,1,85,4.97,1,1,1,1,1,1,0,1,1,1
5,0,4,1,78,4.4,1,0,1,0,0,1,1,1,1,0
6,3,5,2,105,4.86,1,1,1,0,1,1,1,0,0,1
4,1,2,1,65,4.79,1,1,1,1,1,1,0,1,1,0
5,2,4,1,115,4.73,1,1,0,1,1,1,1,1,1,0
5,2,2,2,120,3.67,1,1,1,1,0,1,0,1,0,1
3,1,2,1,45,4.91,0,1,1,0,0,1,1,1,1,0
5,3,3,1,140,4.61,1,0,1,0,1,1,0,0,0,1
6,3,4,2,163,4.46,1,1,1,1,1,1,0,1,0,1
2,1,1,2,50,4.0,0,1,0,1,1,1,0,1,1,1
6,2,4,2,170,4.79,1,1,0,1,1,1,0,0,1,1
7,3,3,2,155,4.83,1,1,1,0,1,1,0,1,1,1
2,1,1,1,80,4.95,1,1,1,1,0,0,1,0,0,1
5,2,3,1,55,4.81,1,1,1,1,1,1,0,1,1,0
6,2,3,1,130,4.86,1,1,1,0,1,1,0,1,1,1
2,1,1,1,66,4.43,0,1,0,1,0,1,1,1,1,1
5,2,4,1,79,4.25,1,1,1,1,1,1,0,0,0,1
6,2,2,1,84,4.19,1,1,1,1,1,1,0,0,0,1
2,0,1,1,69,4.67,1,1,1,0,1,1,0,0,1,0
6,2,4,1,173,4.65,1,1,1,0,1,1,0,1,1,1
6,4,5,2,215,4.0,1,0,1,1,1,1,0,1,0,1
4,1,2,1,58,4.57,1,1,1,1,1,1,0,1,1,0
7,3,5,1,207,4.88,1,1,1,0,1,1,0,1,0,1
5,3,3,2,189,4.94,1,1,1,1,1,1,0,1,0,1
1,1,1,1,22,4.43,0,1,1,1,0,0,1,0,0,1
6,1,3,1,153,4.46,1,1,0,1,0,0,1,0,0,1
12,1,6,2,124,4.79,1,1,0,1,1,1,0,1,0,1
2,1,1,1,44,4.12,1,0,1,1,1,1,0,1,0,1
7,2,5,2,185,4.78,1,1,1,0,1,1,0,1,1,1
6,2,4,1,189,4.0,1,1,1,1,1,1,0,1,1,1
2,1,1,1,57,4.45,1,0,1,1,1,1,0,1,1,0
6,2,2,2,173,4.96,1,0,1,1,1,1,0,1,0,1
6,2,4,1,76,4.47,1,1,1,1,1,1,0,1,0,1
2,1,1,1,59,4.89,0,1,1,0,1,1,0,1,1,1
6,2,3,2,140,4.0,1,1,0,1,1,1,0,0,0,1
2,1,1,2,27,4.91,0,1,1,0,1,1,0,0,1,0
6,2,3,2,205,4.97,1,1,0,1,1,1,0,1,0,1
6,2,1,1,90,4.0,1,1,1,1,1,1,0,1,1,1
4,2,2,2,80,4.0,1,1,1,1,1,1,0,1,1,0
5,0,1,1,128,4.53,1,1,0,1,0,0,1,0,0,1
5,2,4,1,100,4.88,1,1,1,0,1,1,0,1,0,1
2,1,1,1,44,4.12,1,0,1,1,1,1,0,1,0,1
5,1,3,1,137,4.75,1,1,0,1,1,1,0,1,1,0
6,3,5,2,95,4.86,1,1,1,0,1,1,1,0,0,1
2,0,1,1,69,4.6,1,1,1,0,1,1,1,1,1,0
6,2,4,2,146,4.97,1,1,0,1,1,1,0,1,1,1
6,3,3,1,65,4.75,1,1,1,1,1,1,0,0,1,1
2,1,1,1,45,4.67,0,1,1,0,1,1,0,0,1,1
6,2,4,2,241,4.0,1,1,1,1,1,1,0,1,1,1
6,2,4,2,115,4.91,1,1,0,1,1,1,0,1,0,1
2,0,1,1,50,4.58,1,0,1,0,0,0,1,0,0,1
10,2,4,3,48,4.0,1,0,0,1,1,1,0,1,1,1
6,2,3,1,87,4.69,1,1,1,1,1,1,0,1,0,1
2,0,1,1,68,4.68,1,1,1,0,0,0,1,0,0,1
8,2,5,2,209,4.0,1,1,1,0,1,1,0,1,0,1
5,2,2,1,129,4.52,1,0,0,1,1,1,0,1,0,1
1,1,1,1,19,4.14,0,1,1,0,0,0,1,0,0,1
6,2,2,1,85,4.0,1,1,1,1,1,1,0,1,1,0
6,3,4,3,45,4.81,1,1,1,0,1,1,0,0,0,1
1,1,1,1,28,4.43,0,0,1,0,1,1,0,0,1,1
6,3,3,1,245,4.77,1,1,1,0,0,0,1,0,0,1
6,3,3,2,173,4.0,1,1,1,1,1,1,0,1,0,1
1,1,1,1,23,4.54,0,0,1,0,1,1,0,0,1,0
6,2,2,2,165,4.85,1,1,1,1,1,1,0,1,1,1
6,3,4,1,150,4.79,0,0,1,0,0,1,0,1,1,1
3,1,1,1,65,4.7,1,1,1,0,1,1,0,1,1,0
6,2,4,1,175,4.68,1,1,0,1,1,1,0,1,0,1
5,2,4,2,80,4.5,1,1,1,1,1,1,0,1,1,1
2,1,1,2,31,4.54,0,0,0,0,0,1,1,0,0,0
6,3,5,1,165,4.97,1,1,1,1,1,1,0,1,0,1
6,2,4,1,105,4.78,1,1,0,1,1,1,0,1,1,0
4,2,3,1,70,4.0,1,1,1,1,1,1,0,1,0,0
5,2,4,1,115,4.58,1,1,1,0,1,1,0,1,0,1
2,1,1,1,37,4.8,0,1,1,0,1,1,0,0,0,0
5,1,3,1,80,5.0,1,1,1,1,0,0,1,0,0,1
5,3,4,1,115,4.97,1,1,1,1,1,1,0,1,0,1
2,1,1,1,28,5.0,0,1,1,0,0,0,1,1,0,1
5,2,4,1,190,4.0,1,1,1,1,1,1,0,1,1,0
6,3,3,1,79,4.81,1,1,0,1,1,1,0,1,0,1
4,1,2,1,63,4.9,1,1,0,1,0,0,1,0,0,1
6,2,3,1,159,4.65,1,1,1,1,1,1,0,0,1,1
5,3,3,1,104,4.63,1,1,1,0,1,1,0,1,1,1
2,1,1,1,63,4.77,1,1,0,1,1,1,0,0,1,0
6,2,2,1,158,4.07,1,0,1,0,1,1,0,1,1,0
6,3,3,1,154,4.56,1,1,1,1,1,1,0,1,0,1
4,1,2,1,55,4.78,1,1,0,1,1,1,0,1,0,1
7,2,4,2,135,4.89,1,1,1,1,1,1,0,1,0,0
5,3,3,2,120,4.69,1,1,1,1,1,1,0,1,0,1
6,3,3,2,135,4.78,1,1,0,1,1,1,0,1,0,1
3,0,2,1,85,4.66,1,1,0,1,1,1,0,1,1,0
8,2,3,2,167,4.75,1,1,1,0,1,1,0,1,1,1
5,2,2,1,129,4.52,1,0,0,1,1,1,0,1,0,1
3,1,2,1,65,4.28,1,0,1,0,1,1,0,1,1,0
6,2,2,1,120,4.62,1,1,1,0,0,0,1,0,0,1
5,4,4,1,80,4.62,1,1,1,1,1,1,0,1,0,1
1,1,1,1,20,5.0,0,1,1,0,0,0,1,0,0,1
6,2,3,2,170,4.0,1,1,1,1,1,1,0,1,1,1
6,3,4,2,135,4.82,1,1,1,1,1,1,0,1,0,1
2,1,1,1,40,4.57,0,0,1,0,0,1,1,0,1,1
6,2,4,1,100,4.84,1,1,1,1,1,1,0,0,0,1
6,4,4,2,70,4.78,1,0,1,1,1,1,0,0,0,1
2,0,1,1,53,4.11,1,1,1,1,1,1,1,0,0,0
7,3,5,1,193,4.88,1,1,1,0,1,1,0,1,0,1
5,3,3,1,160,4.83,1,1,1,0,1,1,0,0,0,1
4,1,2,1,75,4.9,1,1,1,1,1,1,0,1,1,0
6,2,3,1,210,4.92,1,1,1,0,1,1,0,1,0,1
6,3,5,2,142,4.62,1,0,1,1,1,1,0,1,0,1
2,1,1,1,125,4.93,1,1,1,0,0,0,1,0,0,1
5,2,3,1,120,4.85,1,1,1,1,1,1,0,1,0,1
6,3,3,1,65,4.75,1,1,1,1,1,1,0,0,1,1
2,1,1,1,55,3.88,1,0,1,1,0,0,1,0,0,1
8,3,4,1,160,4.26,1,0,1,0,0,0,1,0,0,1
6,3,5,1,140,4.8,1,1,1,0,1,1,0,1,1,1
2,1,1,1,45,4.88,0,1,1,0,0,1,1,0,1,1
6,2,3,2,180,4.95,1,1,1,0,1,1,0,1,1,0
5,3,2,1,170,4.92,1,1,1,1,0,0,1,0,0,1
2,1,1,1,29,4.95,0,1,1,1,1,1,0,1,1,1
6,2,4,2,94,4.0,1,1,0,1,0,0,1,0,0,1
2,1,1,1,49,4.78,1,1,1,1,0,0,1,0,0,1
6,2,4,1,176,4.91,1,1,1,1,1,1,0,1,1,1
6,2,2,1,84,4.19,1,1,1,1,1,1,0,0,0,1
2,1,1,2,29,4.44,0,1,0,1,1,1,1,0,1,0
6,2,2,2,173,4.91,0,1,1,1,0,0,1,1,0,1
6,2,3,1,128,4.0,1,1,0,1,1,1,0,0,1,1
1,1,1,1,23,4.9,0,1,1,1,0,0,1,0,0,1
7,3,3,1,120,4.64,1,0,1,1,1,1,0,1,1,1
5,2,2,2,131,3.67,1,1,1,1,0,1,0,1,0,1
4,1,2,1,70,4.4,1,1,1,0,1,1,0,1,1,0
6,3,4,1,149,5.0,1,1,1,1,1,1,0,1,0,1
5,3,3,1,60,4.75,1,1,1,1,1,1,0,1,1,1
2,0,2,1,53,4.39,1,1,0,1,0,0,1,0,0,1
6,3,4,1,159,4.69,1,1,0,1,1,1,0,1,0,1
6,3,4,1,75,4.77,1,1,1,1,1,1,0,1,1,1
2,1,1,1,49,4.4,0,1,1,0,0,0,1,0,0,1
6,2,6,1,67,4.59,1,0,1,1,1,1,0,1,1,0
2,1,1,1,42,4.45,0,0,1,0,0,0,1,0,0,1
6,3,3,1,110,3.83,1,0,1,1,1,1,0,1,0,1
4,1,2,1,90,4.96,1,1,1,1,1,1,0,1,1,0
5,2,2,1,90,3.73,1,0,0,1,1,1,1,1,1,0
3,0,1,1,60,4.73,1,1,1,1,1,1,0,1,1,0
6,2,4,2,129,4.0,1,1,1,1,1,0,0,1,1,0
8,3,4,1,135,4.0,1,1,1,1,0,0,1,0,0,1
4,1,2,1,65,4.35,1,0,1,0,0,0,1,0,0,1
2,1,1,1,62,4.88,1,1,0,1,1,1,1,1,1,0
6,2,3,1,193,4.47,1,1,1,0,1,1,0,1,0,1
6,2,4,1,79,4.42,1,0,0,1,1,1,0,0,0,1
2,0,1,1,69,4.67,1,1,1,0,1,1,0,0,1,0
8,4,6,2,149,4.45,1,1,1,0,1,1,0,0,1,1
6,2,3,1,118,4.71,1,1,1,1,1,1,0,1,0,1
6,0,1,1,98,4.0,0,0,1,1,0,0,1,0,0,1
5,2,2,1,197,4.37,1,0,1,1,0,0,1,0,0,1
5,2,4,1,109,4.0,1,1,1,1,0,0,1,0,0,1
6,2,3,1,85,4.91,1,1,1,0,1,1,0,1,0,1
5,1,3,1,127,4.0,1,1,1,1,1,1,0,1,0,1
5,2,3,2,105,4.7,1,0,1,1,1,1,0,1,0,1
2,1,2,1,93,4.92,1,1,1,0,1,1,0,1,1,1
7,2,6,1,196,4.11,1,1,1,1,1,1,0,1,1,1
5,3,3,2,189,4.94,1,1,1,1,1,1,0,1,0,1
2,1,1,1,45,4.84,0,1,1,0,1,1,0,1,1,1
5,1,2,1,224,4.29,1,1,0,1,0,0,1,0,0,1
6,2,4,2,230,4.2,1,1,1,1,1,1,0,1,0,1
2,1,1,2,27,4.91,0,1,1,0,1,1,0,0,1,0
5,2,3,1,193,4.0,1,1,0,1,0,0,1,0,0,1
6,2,1,1,90,4.0,1,1,1,1,1,1,0,1,1,1
2,1,2,1,80,4.86,1,1,1,0,1,1,0,1,0,1
6,2,4,2,174,4.0,1,1,1,1,1,1,0,1,1,0
3,2,2,1,79,4.65,1,1,1,1,1,1,0,1,1,0
7,2,3,2,210,4.78,1,1,0,1,1,1,0,1,1,1
6,2,3,1,106,4.05,1,1,0,1,1,1,1,1,1,1
2,0,2,1,50,4.73,1,0,1,1,1,1,0,1,1,0
5,2,5,1,78,4.61,1,1,1,1,1,1,0,1,0,1
5,2,4,2,107,4.0,1,0,1,1,0,0,1,0,0,1
2,0,1,1,66,4.0,1,1,1,1,0,0,1,0,0,1
6,2,4,2,226,4.0,1,1,1,1,0,0,1,0,0,1
4,1,1,1,79,4.66,1,1,1,0,1,1,1,0,1,0
5,3,4,1,95,5.0,1,1,1,1,1,0,1,1,1,1
2,1,1,1,100,4.78,1,1,0,1,0,0,1,0,0,1
6,3,3,1,110,3.83,1,0,1,1,1,1,0,1,0,1
5,3,3,1,154,4.63,1,0,1,0,1,1,0,1,1,0
2,1,1,2,30,5.0,0,1,1,1,1,1,0,0,1,1
6,2,3,2,220,4.63,1,1,0,1,1,1,0,1,1,1
5,3,2,1,160,4.92,1,1,1,1,1,1,1,0,0,1
2,1,1,1,80,4.71,1,0,0,0,0,1,0,0,1,1
6,2,3,2,160,4.89,1,1,1,1,1,1,0,0,1,0
8,3,4,2,228,4.91,1,1,1,1,0,0,1,0,0,1
2,1,1,1,40,4.6,0,0,1,0,0,1,1,0,1,1
5,1,3,1,93,3.5,1,0,0,1,1,1,0,0,0,1
2,0,1,1,75,4.78,1,1,0,1,1,1,0,1,1,0
7,3,4,2,190,4.78,0,1,1,1,0,0,1,1,0,1
7,4,7,1,160,4.85,1,1,1,1,0,0,1,0,0,1
3,0,1,1,60,4.73,1,1,1,1,1,1,0,1,1,0
9,3,6,1,200,4.0,1,1,0,1,1,1,0,1,1,1
5,3,6,2,125,5.0,1,1,1,1,1,1,0,0,0,1
2,1,1,1,50,4.72,0,1,1,0,1,1,1,0,1,1
5,3,4,1,119,4.84,1,1,1,1,1,0,0,1,0,0
6,2,3,1,121,4.69,1,1,1,1,1,1,0,1,0,1
4,2,2,1,10,4.0,1,1,1,1,0,0,1,0,0,1
6,2,3,1,127,4.0,1,0,1,1,1,1,0,1,1,0
3,0,2,1,32,4.42,1,1,1,1,1,1,0,1,1,1
6,3,3,2,100,4.59,1,0,1,0,1,1,0,1,1,1
2,1,1,1,33,4.65,0,0,1,0,1,1,1,1,1,0
8,3,6,2,133,4.0,1,1,1,1,1,1,0,1,1,1
2,1,1,1,33,4.82,0,1,1,0,0,0,1,0,0,1
5,3,6,1,103,4.0,1,1,0,1,1,1,0,1,1,1
2,1,1,1,20,4.67,0,1,1,0,1,1,1,0,0,1
8,4,4,2,147,4.72,1,1,1,0,0,0,1,0,0,1
1,1,1,1,20,4.77,0,0,1,0,1,1,0,0,1,1
5,2,3,1,89,4.76,1,1,1,0,1,1,0,1,0,1
1,1,1,1,17,4.35,0,0,1,0,0,0,1,0,0,1
6,3,5,3,226,4.92,1,1,1,0,1,1,0,1,1,1
2,1,1,1,15,4.37,0,0,0,0,1,1,0,1,1,0
8,2,5,2,226,4.0,1,1,1,0,0,0,1,0,0,1
2,1,1,1,15,4.53,0,0,1,0,1,1,1,0,0,1
5,3,3,1,166,4.0,0,0,1,1,1,1,1,1,1,1
1,1,1,1,30,4.6,0,1,1,1,0,1,1,0,0,1
5,3,3,1,114,4.0,1,1,1,1,1,1,0,1,1,0
1,1,1,2,15,4.6,0,1,1,0,1,1,0,0,1,1
5,3,4,2,129,4.0,1,1,1,1,1,1,0,1,0,1
2,1,1,1,59,4.93,0,1,1,0,0,0,1,0,0,1
7,3,7,2,112,4.0,1,1,0,1,1,1,0,1,1,1
1,1,1,1,25,4.77,0,1,1,0,1,1,0,1,0,1
6,2,1,1,106,4.0,1,1,1,1,0,0,1,0,0,1
2,1,2,1,29,4.58,0,1,1,0,0,0,1,0,0,1
5,3,3,1,164,4.0,1,1,0,0,0,0,1,0,0,1
1,1,1,1,27,4.78,0,1,1,1,0,0,1,0,0,1
6,3,3,1,63,4.67,1,0,1,0,0,1,0,0,1,0
2,1,1,2,33,4.75,0,1,1,0,1,1,0,0,1,1
5,3,2,1,60,4.14,1,0,1,1,1,1,1,1,1,0
1,1,1,1,25,4.57,0,1,1,1,1,1,1,1,1,0
6,3,6,2,136,4.0,1,0,0,0,1,1,0,1,1,0
1,1,1,1,20,4.79,0,1,1,1,0,1,0,0,0,1
6,2,3,1,125,4.6,1,0,0,1,1,1,0,1,1,1
1,1,1,1,25,4.4,0,0,1,1,0,1,1,0,0,1
5,2,4,1,125,4.0,1,1,1,0,1,1,0,1,1,1
1,1,1,1,16,4.69,0,1,1,1,1,1,1,0,0,0
6,2,3,1,127,4.97,1,1,1,0,1,1,0,1,1,1
1,1,1,1,20,4.74,0,1,1,0,0,0,1,0,0,1
8,3,6,2,154,4.37,1,1,0,1,1,1,0,1,0,1
1,1,1,1,25,4.4,0,0,1,1,0,1,1,0,0,1
6,3,3,1,130,4.0,1,0,1,1,1,1,0,1,0,1
1,1,1,1,19,4.42,0,0,1,1,0,1,1,0,1,0
6,3,5,1,126,4.33,1,1,1,1,1,1,0,1,0,1
2,1,1,1,50,4.71,0,1,0,0,0,1,1,1,1,0
6,3,4,1,80,4.69,1,1,1,1,0,0,1,0,0,1
2,1,1,1,59,4.95,0,1,1,0,1,1,0,1,1,1
6,3,5,3,226,4.92,1,1,1,0,1,1,0,1,1,1
1,1,1,2,15,4.6,0,1,1,0,0,0,1,0,0,1
6,3,3,2,169,4.0,1,1,0,1,0,0,1,0,0,1
5,2,3,1,75,4.76,1,1,1,0,1,1,0,1,0,1
6,2,1,1,106,4.0,1,1,1,1,0,0,1,0,0,1
2,1,1,2,28,4.45,0,0,1,0,1,1,0,0,1,0
6,2,4,2,120,4.0,1,1,0,1,1,1,0,1,1,1
3,1,1,1,42,4.0,1,1,0,1,1,1,0,1,1,1
5,3,5,1,131,4.0,1,0,0,1,1,1,0,1,1,0
1,1,1,1,23,4.77,0,1,1,0,1,1,1,0,1,0
6,2,5,1,125,4.58,1,0,1,1,0,0,1,0,0,1
2,0,1,1,86,4.0,1,1,1,0,1,1,0,1,1,1
5,2,5,1,112,4.0,1,1,0,1,1,1,0,1,1,1
2,1,2,1,45,4.49,1,0,1,1,1,1,1,1,1,1
5,2,2,1,112,4.0,1,1,1,1,1,1,0,1,0,1
1,1,1,1,25,4.77,0,1,1,0,1,1,0,1,0,1
5,3,3,1,166,4.0,0,0,1,1,1,1,1,1,1,1
2,1,1,1,33,4.6,0,1,1,1,1,1,0,0,1,0
1,1,1,1,25,4.6,0,1,1,1,0,0,1,0,0,1
7,3,4,1,220,4.0,1,1,1,0,1,1,0,0,1,1
2,1,1,2,39,4.38,0,0,1,1,0,0,1,0,0,1
5,2,3,1,73,4.0,1,1,0,1,1,1,0,1,1,0
4,2,2,1,70,4.74,1,1,0,1,1,1,0,1,1,0
6,3,3,2,160,4.59,1,0,1,0,0,0,1,0,0,1
4,1,2,1,120,4.94,1,1,1,0,0,0,1,0,0,1
6,2,4,1,118,4.6,1,0,1,1,1,1,0,1,0,1
4,2,3,1,95,4.94,1,1,1,0,1,1,0,1,1,1
6,2,5,1,122,4.42,1,1,0,1,1,1,0,1,1,1
3,1,2,1,107,4.0,1,1,1,1,0,0,1,0,0,1
10,4,6,3,59,4.0,1,1,1,1,1,1,0,1,1,1
2,1,1,1,58,4.71,0,1,0,1,0,1,1,1,1,0
5,2,3,1,113,4.76,1,1,1,0,1,1,0,1,0,1
2,1,1,2,25,4.0,0,1,1,1,0,0,1,0,0,1
6,2,4,1,104,4.43,1,1,0,1,0,0,1,0,0,1
2,1,1,1,59,4.89,0,1,1,0,0,0,1,0,0,1
5,3,5,1,137,4.0,1,0,0,0,1,1,0,1,1,0
2,1,1,1,77,4.0,0,1,0,1,0,1,1,1,1,0
5,3,4,1,131,4.46,1,1,1,1,1,1,0,1,1,1
1,1,1,1,23,4.77,0,1,1,0,1,1,1,0,1,0
6,3,4,2,150,4.0,1,1,1,1,1,1,0,1,0,1
2,0,1,1,85,4.0,1,1,1,0,1,1,0,1,1,1
5,3,5,1,89,4.48,1,1,0,1,0,0,1,0,0,1
2,1,1,1,35,4.83,0,1,1,0,0,0,1,0,0,1
5,3,5,1,89,4.25,1,1,1,1,1,1,0,1,1,1
1,1,1,1,35,4.26,0,0,1,0,0,0,1,0,0,1
6,3,6,2,147,4.0,1,1,0,1,1,1,0,1,1,0
2,1,1,1,39,4.56,0,0,1,1,0,0,1,0,0,1
5,2,3,1,124,4.32,1,1,0,1,1,1,0,1,0,1
1,1,1,1,49,4.69,0,0,1,0,0,0,1,0,0,1
6,3,6,1,190,4.0,1,1,1,1,1,1,1,1,1,0
1,1,1,1,29,4.61,0,1,1,0,0,1,1,0,1,0
8,3,6,2,142,4.0,1,1,1,1,1,1,0,1,1,1
2,1,1,1,28,4.6,0,1,1,1,1,1,0,0,1,0
5,2,3,1,73,4.0,1,1,0,1,1,1,0,1,1,0
2,1,2,1,24,4.78,0,0,1,1,1,1,0,0,1,0
5,2,5,1,95,4.0,1,1,0,1,1,1,0,1,1,1
2,1,1,1,27,4.54,0,0,1,1,0,0,1,0,0,1
10,3,8,2,167,4.0,1,1,1,1,1,1,0,1,0,1
1,1,1,1,30,4.89,0,1,1,0,0,1,1,0,1,0
6,2,4,2,139,4.2,1,1,1,1,1,1,0,1,0,1
4,2,3,1,90,4.33,1,1,1,1,1,1,0,1,1,0
6,2,4,2,158,4.0,1,1,0,1,0,0,1,0,0,1
2,1,1,1,33,4.73,0,1,1,1,0,0,1,0,0,1
6,4,5,1,184,4.0,1,1,0,1,1,1,0,1,0,1
1,1,1,2,26,4.6,0,1,1,0,1,1,0,0,1,1
3,1,2,1,107,4.0,1,1,1,1,1,1,0,1,1,0
5,3,3,1,112,4.0,1,0,0,1,1,1,0,1,1,1
2,1,1,1,30,4.59,0,0,1,0,1,1,0,0,0,1
7,3,7,2,91,4.38,1,1,0,1,1,1,0,1,1,1
2,1,1,1,34,4.52,0,1,1,1,1,1,1,1,1,0
7,3,4,1,220,4.0,1,1,1,0,1,1,0,0,1,1
3,1,1,1,20,4.47,0,1,1,0,1,1,0,1,1,1
5,3,4,2,129,4.0,1,1,1,1,0,0,1,0,0,1
2,1,1,1,25,4.57,0,0,1,1,1,1,0,0,1,1
6,2,4,1,104,4.44,1,1,0,1,1,1,0,1,1,0
2,1,2,1,18,4.55,0,1,1,1,0,1,1,0,1,0
5,2,3,1,144,4.0,1,1,1,1,1,1,0,1,0,1
1,1,1,1,30,4.89,0,1,1,0,0,1,1,0,1,0
6,2,3,2,120,4.56,1,0,1,1,1,1,0,1,1,1
2,1,1,1,23,4.0,0,1,1,1,0,0,1,0,0,1
7,3,5,2,195,4.87,1,1,1,0,0,0,1,0,0,1
3,1,3,1,86,4.0,0,0,1,0,1,1,0,1,1,0
5,2,4,1,125,4.0,1,1,1,0,1,1,0,1,1,1
2,1,1,1,38,4.0,0,0,0,1,0,0,1,0,0,1
6,2,4,1,120,4.66,1,1,0,1,1,1,0,1,0,1
2,1,1,1,59,4.95,0,1,1,0,1,1,0,1,1,1
6,2,4,1,119,4.0,1,1,0,1,1,1,0,1,1,0
2,1,1,1,30,4.88,0,1,1,1,1,1,1,0,0,0
1,1,1,1,40,4.0,0,1,1,1,1,1,0,0,0,1
6,3,6,2,149,4.63,1,1,0,1,1,1,0,1,1,1
2,1,1,1,45,4.81,0,1,1,1,0,0,1,0,0,1
5,3,4,2,234,4.0,1,0,1,0,1,1,0,1,1,1
2,1,1,1,25,4.0,0,1,1,1,1,1,0,0,0,0
5,3,5,1,109,4.25,1,1,1,0,1,1,0,1,1,0
1,1,1,1,26,4.0,0,1,1,1,0,1,1,0,0,1
5,2,3,1,161,4.0,1,0,1,1,1,1,0,1,1,0
2,1,1,1,25,4.33,0,0,1,0,0,0,1,0,0,1
6,3,6,2,118,4.0,1,1,0,1,1,1,0,1,1,0
2,1,1,2,39,4.38,0,0,1,1,0,0,1,0,0,1
6,2,1,1,106,4.0,1,1,1,1,0,0,1,0,0,1
2,1,1,1,37,5.0,0,1,1,0,0,0,1,0,0,1
5,3,3,1,166,4.0,0,0,1,1,1,1,1,1,1,1
2,1,1,2,25,4.0,0,1,1,1,0,0,1,0,0,1
5,3,5,1,137,4.0,1,0,0,0,1,1,0,1,1,0
1,1,1,1,23,4.57,0,0,1,1,0,0,1,0,0,1
6,2,4,2,120,4.0,1,1,0,1,1,1,0,1,1,1
2,1,1,1,50,4.71,0,1,0,0,0,1,1,1,1,0
8,2,6,2,155,4.5,1,1,1,1,1,1,0,1,1,1
1,1,1,1,33,4.9,0,1,1,0,1,1,0,0,1,1
7,3,5,1,128,4.0,1,0,1,1,1,1,0,1,1,0
1,1,1,1,19,4.0,0,1,1,1,1,1,0,0,1,1
6,3,4,2,121,4.0,1,1,1,1,1,1,0,1,1,0
3,1,1,1,82,4.0,1,1,1,1,1,1,0,1,1,0
8,4,7,2,139,4.5,1,0,1,1,1,1,0,1,1,1
2,1,1,1,38,4.65,0,0,1,0,1,1,1,0,1,1
8,4,6,2,140,5.0,1,1,1,0,1,1,0,1,0,1
2,1,1,1,25,4.5,0,0,1,1,0,1,1,0,1,0
5,3,6,2,134,4.0,1,1,0,1,1,1,0,1,1,0
2,1,2,1,28,4.88,0,0,1,0,1,1,0,0,0,0
6,3,6,2,136,4.0,1,0,0,0,1,1,0,1,1,0
2,1,1,1,40,4.83,0,1,1,0,1,1,0,0,1,0
6,2,3,1,90,4.92,1,1,1,1,1,1,0,1,0,1
2,1,1,1,43,4.38,0,0,1,0,0,0,1,0,0,1
7,4,4,2,155,4.75,1,1,0,1,1,1,0,1,1,1
1,1,1,2,22,4.55,0,0,1,1,0,0,1,0,0,1
5,2,5,1,95,4.0,1,1,0,1,1,1,0,1,1,1
4,1,2,1,80,4.86,1,1,1,1,0,0,1,0,0,1
6,3,6,1,119,4.0,1,1,0,1,1,1,0,1,1,1
1,1,1,1,30,4.89,0,1,1,0,0,1,1,0,1,0
6,3,3,2,149,4.67,1,1,0,1,1,1,0,1,1,1
1,1,1,1,38,5.0,0,0,1,0,0,0,1,0,0,1
5,2,3,1,161,4.0,1,0,1,1,1,1,0,1,1,0
2,1,1,1,20,4.38,0,1,1,1,0,0,1,0,0,1
6,2,4,1,117,4.0,1,1,0,1,1,1,0,1,1,0
2,1,1,1,83,4.0,1,1,1,1,0,0,1,0,0,1
6,3,4,2,120,4.0,1,1,1,1,1,1,0,1,1,0
2,1,1,1,35,4.83,0,1,1,0,1,1,0,1,1,1
5,2,4,1,120,4.0,1,0,1,1,1,1,0,1,0,1
2,1,1,1,93,4.8,1,1,1,1,1,1,0,1,0,1
6,2,4,2,184,4.0,1,1,0,1,1,1,0,1,0,1
2,1,1,1,15,4.73,0,1,1,1,1,1,0,1,1,1
5,2,4,2,119,4.62,1,1,1,1,1,1,1,1,1,0
4,1,2,1,100,4.75,1,1,1,1,1,1,0,1,1,1
5,3,5,1,109,4.25,1,1,1,0,1,1,0,1,1,0
4,2,2,1,90,4.0,1,1,1,1,1,1,1,1,0,1
6,3,3,2,125,4.6,1,1,1,0,1,1,0,1,0,1
2,1,1,1,51,4.0,0,1,1,0,1,1,0,0,1,0
6,2,4,2,139,4.2,1,1,1,1,1,1,0,1,0,1
6,0,1,1,98,4.0,0,0,1,1,0,0,1,0,0,1
8,3,7,2,119,4.76,1,1,0,0,1,1,0,1,1,0
2,1,1,1,60,4.92,0,1,1,0,0,0,1,0,0,1
6,3,5,2,189,4.86,1,1,1,0,0,0,1,0,0,1
2,1,1,1,83,4.0,1,1,1,1,1,1,0,1,1,1
8,3,6,2,142,4.0,1,1,1,1,0,0,1,0,0,1
2,1,1,1,65,4.78,0,1,1,1,0,1,1,0,1,0
7,3,5,2,195,4.87,1,1,1,0,1,1,1,1,1,1
1,1,1,1,47,4.51,0,0,1,1,1,1,1,0,1,1
5,3,4,2,234,4.0,1,0,1,0,1,1,0,1,1,1
1,1,1,1,33,4.0,0,0,0,1,0,0,1,0,0,1
5,3,5,1,118,4.0,1,1,1,0,1,1,0,1,1,1
1,1,1,1,30,4.26,0,1,0,1,1,1,0,1,1,1
6,2,4,1,109,4.21,1,1,0,1,1,1,0,1,1,0
2,1,1,1,47,4.0,0,1,1,1,1,1,0,0,1,0
5,3,4,1,89,4.0,1,0,1,1,1,1,0,0,1,0
1,1,1,1,23,4.42,0,1,1,0,1,1,0,0,1,0
5,2,3,1,102,4.0,1,1,1,1,1,1,0,1,1,0
4,2,2,1,85,4.0,1,1,1,1,1,1,1,1,0,1
5,2,4,1,112,4.59,1,1,1,0,1,1,0,1,1,1
2,1,1,2,39,4.52,0,0,1,0,0,0,1,0,0,1
6,3,6,2,149,4.8,1,1,0,1,1,1,0,1,1,1
2,1,1,1,30,4.88,0,1,1,1,1,1,1,0,0,0
6,3,4,2,150,4.0,1,1,1,1,1,1,0,1,0,1
3,1,3,1,86,4.0,0,0,1,0,0,0,1,0,0,1
6,2,4,2,139,4.2,1,1,1,1,1,1,0,1,0,1
2,1,1,2,35,4.34,0,1,1,0,0,0,1,0,0,1
6,3,6,2,147,4.0,1,1,0,1,1,1,0,1,1,0
2,1,1,1,35,4.63,0,1,1,1,0,0,1,0,0,1
7,4,4,2,157,4.75,1,1,0,1,1,1,0,1,1,1
3,1,2,1,21,4.67,0,1,1,0,1,1,0,1,0,1
6,3,5,2,193,4.0,1,1,0,1,0,0,1,0,0,1
2,1,1,1,45,4.32,0,1,1,0,0,0,1,0,0,1
6,2,5,1,150,4.33,1,0,0,1,1,1,1,1,0,1
2,1,1,1,49,4.58,0,0,1,1,0,1,1,1,1,1
6,2,4,1,137,4.29,1,0,1,1,0,0,1,0,0,1
1,1,1,1,26,4.74,0,1,1,1,0,0,1,0,0,1
6,2,3,1,95,4.92,1,1,1,1,1,1,0,1,0,1
2,1,1,1,40,4.71,0,0,1,0,1,1,0,0,0,0
5,2,2,1,114,4.0,1,1,1,1,1,1,0,1,0,1
2,1,1,1,40,4.71,0,0,1,0,1,1,0,0,0,0
6,3,3,2,218,4.0,1,1,0,1,0,0,1,0,0,1
2,1,1,1,35,4.84,0,1,1,0,1,1,0,0,1,0
6,3,5,1,126,4.33,1,1,1,1,1,1,0,1,0,1
1,1,1,1,35,4.93,0,1,1,1,1,1,1,0,1,0
6,3,6,2,147,4.0,1,1,0,1,1,1,0,1,1,0
2,1,1,1,49,4.84,0,1,1,0,1,1,1,1,1,0
5,2,2,1,145,4.0,1,1,0,1,1,1,0,1,1,0
2,1,2,1,32,4.77,0,1,1,0,0,1,1,0,1,0
5,2,4,1,120,4.0,1,0,1,1,1,1,0,1,0,1
2,1,1,1,34,4.54,0,0,0,1,1,1,0,1,1,1
6,4,5,1,184,4.0,1,1,0,1,1,1,0,1,0,1
1,1,1,1,24,4.42,0,1,1,0,1,1,0,0,1,0
5,3,5,1,131,4.0,1,0,0,1,1,1,0,1,1,0
4,1,3,1,55,4.36,0,0,1,1,1,1,1,1,1,1
6,2,4,1,112,4.0,1,1,0,1,1,1,0,1,1,1
2,1,1,1,37,4.22,0,0,1,1,1,1,0,0,1,1
8,4,4,2,209,4.29,1,0,1,0,1,1,0,1,1,0
2,1,1,1,35,4.4,0,0,1,0,1,1,1,0,1,1
6,3,4,1,170,4.8,1,1,1,0,1,1,0,0,0,1
2,1,1,1,45,5.0,0,1,1,0,0,0,1,0,0,1
7,3,7,2,91,4.0,1,1,0,1,1,1,0,1,1,1
2,1,1,1,30,4.0,0,1,1,1,0,0,1,0,0,1
2,1,1,1,75,4.81,0,1,0,1,0,1,1,1,1,0
5,2,3,1,153,4.0,1,1,1,1,1,1,0,0,1,0
2,1,1,1,32,4.49,0,0,1,0,0,0,1,0,0,1
6,3,5,1,239,4.0,1,0,1,1,1,1,0,1,0,1
2,1,1,1,47,4.0,0,1,1,1,1,1,0,0,1,0
10,5,8,2,195,4.0,1,0,1,1,1,1,1,1,1,1
2,1,1,1,37,4.0,0,0,1,1,0,1,1,0,1,0
5,2,3,1,112,4.0,1,1,1,1,1,1,0,1,1,0
4,1,3,1,62,4.77,1,1,1,1,1,1,1,1,1,0
4,2,3,2,89,4.85,1,1,1,0,0,0,1,0,0,1
6,3,4,2,121,4.0,1,1,1,1,1,1,0,1,1,0
2,1,1,1,75,5.0,1,1,1,1,1,1,0,1,1,1
5,3,3,2,166,4.84,1,1,1,1,1,1,0,0,1,1
2,1,1,1,40,4.0,0,0,1,1,1,1,1,1,1,0
6,2,3,1,95,4.92,1,1,1,1,1,1,0,1,0,1
2,1,1,1,48,4.33,0,1,0,1,0,1,1,1,1,1
8,3,5,2,139,4.82,1,1,1,0,1,1,0,1,1,1
2,1,1,1,80,4.69,0,1,1,0,0,1,1,1,1,1
8,4,6,3,148,4.0,1,1,1,1,0,0,1,0,0,1
2,1,1,2,39,4.38,0,0,1,1,0,0,1,0,0,1
6,4,6,1,145,4.56,1,0,1,1,1,1,0,1,0,1
4,1,2,1,104,4.0,1,1,1,1,0,0,1,0,0,1
6,3,5,2,160,4.73,1,1,1,1,1,1,0,1,1,1
2,1,1,1,99,4.81,0,1,1,0,0,1,1,1,1,1
5,2,4,2,119,4.62,1,1,1,1,1,1,1,1,1,0
2,1,1,1,40,4.85,0,1,0,1,0,1,1,0,1,1
5,2,3,1,177,4.0,1,1,1,1,1,1,0,0,1,1
5,2,4,1,124,4.69,1,1,1,0,1,1,0,1,1,1
6,3,6,1,171,4.0,1,0,1,0,1,1,1,1,1,1
1,0,1,1,35,4.0,0,1,1,1,0,0,1,0,0,1
5,3,5,2,158,4.47,1,1,0,1,1,1,0,1,1,1
5,2,4,2,160,4.0,1,0,1,0,1,1,0,0,1,1
2,1,1,2,35,4.0,0,1,1,1,0,0,1,0,0,1
5,2,3,1,90,4.0,1,1,1,1,1,1,0,1,1,0
2,1,1,1,49,4.0,1,1,1,1,1,1,0,1,1,0
5,3,4,2,145,4.86,1,1,1,1,1,1,0,1,0,1
2,1,1,1,97,4.86,1,1,1,1,1,1,0,1,0,0
6,3,5,3,152,4.75,0,1,1,1,0,0,1,1,0,1
2,1,1,1,30,4.83,0,0,1,1,1,1,0,1,1,0
6,3,3,2,229,4.0,1,1,0,1,1,1,0,1,0,1
2,1,1,1,89,4.64,1,1,1,0,1,1,1,1,1,1
6,2,4,2,163,4.0,1,1,1,0,1,1,0,1,0,1
5,2,5,1,213,4.0,1,1,1,1,1,1,0,1,1,1
4,1,2,1,130,4.0,1,1,0,1,1,1,0,1,0,1
5,2,3,1,179,4.0,1,1,1,1,1,1,0,1,0,1
2,1,1,1,75,4.57,1,1,0,1,1,1,1,0,1,0
4,2,3,1,96,4.54,1,1,0,1,1,1,0,1,1,0
9,4,7,2,130,4.4,1,1,1,1,1,1,0,1,1,1
2,3,5,1,77,4.0,1,1,0,1,1,1,0,1,0,1
6,2,2,1,93,4.23,1,0,1,1,1,1,0,1,1,1
4,1,2,1,143,4.75,1,1,1,1,1,1,0,1,1,1
8,4,6,2,203,4.76,1,0,0,1,0,0,1,0,0,1
2,1,1,1,75,4.79,1,0,1,1,0,0,1,0,0,1
6,2,4,1,115,4.0,1,1,0,1,1,1,1,1,1,1
2,1,1,1,55,4.52,1,0,0,1,1,1,0,1,1,0
6,2,4,1,112,4.0,1,1,0,1,1,1,0,1,1,0
2,1,1,1,30,4.0,0,1,1,1,0,0,1,0,0,1
9,4,7,2,146,4.29,1,0,0,1,1,1,0,1,0,0
2,1,1,1,60,4.9,0,1,1,0,1,1,0,0,1,0
5,2,3,1,144,4.0,1,1,1,1,1,1,0,1,0,1
2,1,1,1,28,4.6,0,0,1,1,1,1,0,0,1,1
5,3,4,1,168,4.0,1,1,0,1,1,1,0,1,0,1
4,0,2,1,55,4.27,1,1,1,1,0,1,1,1,0,1
6,3,4,1,135,3.4,1,0,1,1,1,0,0,1,0,0
6,4,6,1,60,4.56,1,0,1,1,0,0,1,0,0,1
6,2,3,1,109,4.63,1,1,1,0,0,0,1,0,0,1
2,1,1,1,34,4.25,0,0,1,1,0,0,1,0,0,1
6,2,4,2,190,3.88,1,0,1,1,1,1,0,1,1,1
6,2,2,1,108,4.86,1,1,1,0,1,1,0,1,0,1
6,3,6,2,118,4.0,1,1,0,1,1,1,0,1,1,0
2,1,1,1,50,4.78,0,1,1,1,1,1,1,0,1,0
2,1,1,1,25,4.99,0,1,0,1,0,0,1,0,0,1
6,2,2,1,150,4.86,1,1,1,0,1,1,0,1,0,1
2,1,1,1,30,4.07,0,0,1,1,0,0,1,0,0,1
6,2,4,1,104,4.37,1,0,0,1,0,0,1,0,0,1
1,1,1,1,21,4.52,0,1,1,1,0,0,1,0,0,1
7,4,6,2,113,4.32,1,1,1,1,0,0,1,0,0,1
2,1,1,1,62,4.61,0,1,1,0,1,1,0,1,1,1
5,3,1,1,195,4.62,1,1,1,1,0,0,1,0,0,1
2,1,1,1,68,4.92,0,1,1,0,0,1,1,1,0,0
5,3,3,2,239,4.89,1,1,1,0,1,1,0,1,0,1
5,2,5,1,95,4.85,1,1,1,1,1,1,0,1,1,1
6,4,8,2,197,4.0,1,0,0,1,1,1,0,1,1,0
2,1,1,1,75,4.85,0,1,0,1,0,1,1,1,1,0
8,5,5,2,220,4.38,1,0,1,1,1,1,0,1,0,1
1,1,1,1,29,4.71,0,1,1,0,1,1,1,0,0,1
7,3,7,2,94,4.0,1,1,0,1,1,1,0,1,1,1
4,1,1,1,72,4.0,1,1,1,1,1,1,0,1,0,1
6,2,3,1,84,4.92,1,1,1,1,1,1,0,1,0,1
2,1,1,2,32,4.95,0,1,1,0,1,1,1,0,1,0
6,3,3,2,208,4.0,1,1,1,1,1,1,0,1,1,1
2,1,2,1,32,4.25,0,0,1,0,1,1,1,0,0,0
5,2,2,1,172,4.0,1,1,0,1,1,1,0,1,1,0
6,3,6,2,127,4.0,1,0,0,0,1,1,0,1,1,0
5,3,4,1,152,4.0,1,1,0,1,1,1,0,1,0,1
2,1,2,1,85,4.89,0,1,0,1,0,1,1,1,1,1
7,3,7,2,124,4.09,1,1,0,1,1,1,0,1,1,1
2,1,1,1,28,4.3,0,1,1,0,0,1,1,0,0,1
6,2,4,1,112,4.0,1,1,0,1,1,1,0,1,1,0
2,1,1,1,34,4.35,0,0,0,1,1,1,1,1,1,0
6,3,4,1,140,4.0,1,0,1,1,1,1,0,1,0,1
4,1,3,1,59,3.9,1,0,0,1,1,1,0,1,1,1
6,4,8,2,197,4.0,1,0,0,1,1,1,0,1,1,0
2,1,1,1,33,4.94,0,1,1,1,1,1,0,0,0,1
8,3,6,2,141,4.0,1,1,0,1,1,1,0,1,1,0
2,1,1,1,75,4.78,0,1,1,1,0,1,1,0,1,0
5,3,4,1,97,4.0,1,0,1,1,1,1,0,0,1,0
4,2,2,1,87,4.92,1,1,1,0,1,1,0,1,1,1
6,3,5,2,160,4.0,1,1,1,1,1,1,0,1,1,1
2,1,1,1,55,5.0,0,1,1,1,0,0,1,0,0,1
6,3,6,2,137,4.0,1,0,0,0,1,1,0,1,1,0
6,0,1,1,98,4.0,0,0,1,1,0,0,1,0,0,1
6,3,4,1,135,3.4,1,0,1,1,1,0,0,1,0,0
1,1,1,1,15,4.9,0,1,0,1,1,1,1,0,0,1
5,3,5,1,145,4.0,1,1,0,1,1,1,0,1,1,0
2,1,1,1,25,4.63,0,1,1,1,0,0,1,0,0,1
5,2,2,1,152,4.0,1,1,1,0,1,1,0,1,1,1
2,1,1,1,20,4.18,0,0,1,1,1,1,1,0,0,0
5,3,4,1,206,4.48,1,1,1,0,0,0,1,0,0,1
2,1,1,1,20,4.37,0,0,1,1,1,1,0,0,1,0
5,2,3,1,126,4.51,1,1,1,1,1,1,0,1,1,1
2,1,1,1,35,4.94,0,1,1,0,1,1,0,1,1,1
8,4,4,2,120,4.0,1,1,1,1,1,1,0,1,0,1
5,2,2,1,80,4.24,1,1,1,1,1,1,0,1,1,1
5,3,4,1,123,4.69,1,1,1,1,0,0,1,0,0,1
3,1,2,1,40,4.68,0,1,1,0,1,1,0,0,1,0
5,2,3,1,125,4.74,1,1,1,0,1,1,0,1,0,1
2,1,1,1,54,4.58,0,0,1,1,0,1,1,1,1,1
2,1,1,1,75,4.88,0,1,1,0,0,1,1,0,1,0
5,2,2,1,112,4.0,1,1,1,1,1,1,0,1,0,1
2,1,2,1,18,4.55,0,1,1,1,0,1,1,0,1,0
8,3,6,2,206,4.37,1,1,0,1,1,1,0,1,0,1
4,1,1,1,69,4.84,0,1,1,0,1,1,0,0,1,0
6,2,5,1,170,4.36,1,0,0,1,1,1,0,1,1,1
2,1,1,1,35,4.83,0,1,1,0,0,0,1,0,0,1
6,2,3,1,110,4.22,1,1,1,1,1,1,0,1,1,1
2,1,1,1,30,4.49,0,1,1,1,1,1,0,0,0,0
5,3,1,1,212,4.62,1,1,1,1,0,0,1,0,0,1
1,1,1,1,35,4.26,0,0,1,0,0,0,1,0,0,1
6,3,3,2,149,4.67,1,1,0,1,1,1,0,1,1,1
4,2,4,1,60,4.19,1,1,1,1,1,1,0,1,0,1
8,3,4,2,220,4.41,1,0,0,0,0,0,1,0,0,1
2,1,1,1,40,4.0,0,1,1,1,0,0,1,0,0,1
5,1,4,1,155,4.67,1,0,0,0,1,1,0,1,0,1
2,0,1,1,90,4.0,0,1,1,1,0,1,1,1,1,1
6,3,4,1,110,4.69,1,1,1,1,1,1,0,1,0,1
6,2,5,1,112,4.0,1,0,1,1,0,0,1,0,0,1
5,1,2,1,169,4.0,1,1,1,0,1,1,0,1,1,1
2,1,2,2,38,4.61,0,0,0,1,1,1,0,0,1,0
7,3,3,2,173,4.8,1,1,0,1,1,1,0,1,1,1
2,1,1,2,23,4.79,0,1,1,1,0,1,0,0,1,0
5,2,3,1,234,4.0,1,1,1,0,1,1,0,1,0,1
4,1,3,1,103,4.78,1,1,0,1,1,1,0,1,1,1
6,3,5,1,216,4.42,1,1,0,1,1,1,0,1,1,1
5,3,6,1,109,4.0,1,1,0,1,1,1,0,1,1,1
7,3,7,2,96,3.86,1,0,0,1,1,1,0,1,0,1
2,1,1,1,19,4.94,0,1,1,0,1,1,0,1,1,1
6,3,3,2,135,4.38,1,1,1,1,1,1,0,1,1,1
4,1,3,1,60,4.0,0,1,1,1,0,0,1,0,0,1
2,1,1,1,33,4.6,0,1,1,1,0,0,1,0,0,1
6,2,3,1,197,4.0,1,0,1,1,1,1,0,1,1,1
2,1,1,1,31,4.7,0,1,1,0,0,0,1,0,0,1
5,2,3,1,124,4.47,1,1,0,1,1,1,0,1,0,1
3,2,3,1,90,4.4,1,1,0,1,0,0,1,0,0,1
6,4,1,1,190,4.51,1,1,1,1,0,0,1,0,0,1
2,1,1,1,58,4.71,0,1,0,1,0,1,1,1,1,0
6,2,4,2,90,4.46,1,0,1,1,1,1,0,1,1,1
2,1,1,1,29,5.0,0,1,1,1,1,1,0,0,0,1
7,3,5,2,109,4.0,1,1,1,1,1,1,0,1,1,1
4,1,1,1,90,4.36,1,1,1,1,1,1,1,1,0,1
6,3,4,2,148,4.0,1,1,1,1,0,0,1,0,0,1
4,2,2,1,116,4.46,1,1,0,1,1,1,0,1,1,0
6,3,4,2,233,4.27,1,0,0,1,1,1,0,1,1,0
1,1,1,1,20,4.75,0,0,1,1,1,1,1,0,0,0
5,2,3,1,165,4.44,1,0,0,1,1,1,0,1,0,1
2,1,1,1,90,4.6,1,1,1,0,1,1,1,1,0,1
6,2,3,1,130,4.69,1,1,1,0,1,1,0,1,1,1
2,1,2,1,134,4.0,0,1,1,0,0,1,1,1,1,1
2,1,1,1,30,4.14,0,0,1,1,0,0,1,0,0,1
6,0,1,1,98,4.0,0,0,1,1,0,0,1,0,0,1
3,1,2,1,52,4.68,0,1,1,0,1,1,0,0,1,1
6,3,4,2,188,4.82,1,1,0,1,0,0,1,0,0,1
5,3,5,2,190,4.0,1,1,1,1,0,0,1,0,0,1
6,2,5,1,145,4.0,1,1,1,1,1,1,0,1,1,1
10,4,7,2,175,4.85,1,1,0,1,1,1,1,0,0,1
6,3,4,3,206,4.0,1,1,0,1,1,1,0,1,0,1
2,1,1,1,35,4.61,0,0,1,0,1,1,0,1,1,1
5,3,3,2,166,4.84,1,1,1,1,1,1,0,0,1,1
1,1,1,1,55,4.54,0,0,1,0,0,0,1,0,0,1
8,3,4,2,215,4.0,1,1,0,1,1,1,0,1,1,1
4,2,2,1,70,4.74,1,1,0,1,1,1,0,1,1,0
5,3,5,1,165,4.5,1,0,0,1,1,1,0,1,0,1
5,2,4,1,130,4.86,1,1,1,0,1,1,0,1,0,1
5,3,4,1,152,4.0,1,1,0,1,1,1,0,1,0,1
6,2,4,1,104,4.37,1,1,0,1,1,1,0,1,0,1
6,2,4,2,82,4.25,1,1,0,1,1,1,0,1,1,0
2,1,2,1,122,4.0,1,1,0,1,1,1,0,1,1,1
6,3,4,1,110,4.69,1,1,1,1,0,0,1,0,0,1
6,2,4,2,182,4.0,1,1,1,0,1,1,0,1,0,1
5,2,2,1,103,4.55,1,1,1,0,1,1,0,1,1,1
4,2,2,2,134,4.55,1,0,1,1,1,1,0,1,1,0
6,3,4,1,156,4.39,1,0,1,1,1,1,0,1,1,1
4,1,2,1,106,4.0,1,1,1,1,1,1,0,1,1,1
6,2,4,1,91,4.48,1,1,0,1,1,1,0,1,1,1
10,5,8,2,198,4.0,1,0,1,1,0,0,1,0,0,1
6,3,3,2,218,4.0,1,1,0,1,0,0,1,0,0,1
6,0,1,1,98,4.0,0,0,1,1,0,0,1,0,0,1
6,2,4,2,226,4.0,1,1,0,1,1,1,0,1,0,1
1,1,1,1,25,4.82,0,1,1,1,1,1,0,1,1,1
5,2,2,1,117,4.0,1,1,0,1,0,0,1,0,0,1
3,1,1,1,28,4.75,0,1,1,0,1,1,1,0,0,0
6,3,4,1,139,4.29,1,1,0,1,1,1,0,1,0,1
7,4,7,2,10,4.38,1,1,1,1,0,0,1,0,0,1
6,0,1,1,98,4.0,0,0,1,1,0,0,1,0,0,1
1,1,1,1,23,4.57,0,0,1,1,0,0,1,0,0,1
6,3,5,1,119,4.0,1,1,1,1,0,0,1,0,0,1
2,1,1,1,60,4.71,0,1,1,1,0,0,1,0,0,1
8,4,5,2,180,4.0,1,0,0,1,0,0,1,0,0,1
4,2,3,1,140,4.94,1,1,1,0,1,1,0,1,1,1
5,3,3,2,90,4.54,1,1,1,1,1,1,0,1,0,1
4,2,2,1,84,4.5,1,1,1,1,1,1,0,1,1,1
2,1,2,1,25,4.49,0,0,1,1,1,1,0,0,1,0
5,3,3,2,145,4.0,1,1,0,1,1,1,0,0,1,0
2,1,1,1,50,4.81,0,1,1,0,0,1,1,1,1,1
5,2,2,1,125,4.59,1,0,1,1,1,1,0,1,1,0
1,1,1,1,16,4.88,0,1,1,1,1,1,0,0,1,0
1,1,1,1,20,4.63,0,1,1,1,0,1,1,0,1,0
5,2,3,1,146,4.25,1,1,1,1,1,1,0,1,1,1
1,1,1,1,25,4.7,0,1,0,1,1,1,1,0,1,0
6,3,6,1,202,4.0,1,1,1,1,0,0,1,0,0,1
3,1,2,1,80,4.58,1,0,0,1,1,1,1,1,1,0
7,4,5,2,228,4.0,1,1,0,1,1,1,0,1,1,1
2,1,1,2,25,4.0,0,1,1,1,0,0,1,0,0,1
5,3,3,1,75,4.07,1,0,1,1,1,1,1,1,1,1
3,1,2,1,80,4.46,1,0,1,1,1,1,0,1,1,1
6,3,4,1,200,4.65,1,1,0,1,1,1,0,1,0,1
2,1,1,1,45,4.93,0,1,1,0,1,1,1,0,1,0
6,2,4,1,115,4.0,1,1,0,1,1,1,1,1,1,0
5,2,4,1,70,4.74,1,1,1,0,1,1,0,1,1,1
7,3,6,2,207,4.0,1,1,1,0,1,1,0,0,1,1
6,4,5,1,213,4.66,1,1,1,1,1,1,0,1,0,1
2,1,1,1,85,4.47,0,1,1,0,1,1,1,0,1,1
4,0,3,1,90,4.63,1,1,1,1,1,1,1,1,1,0
6,2,4,1,120,4.66,1,1,0,1,1,1,0,1,0,1
4,2,3,1,85,4.0,1,1,1,1,1,1,0,1,1,0
6,3,6,2,229,4.0,1,1,0,1,1,1,0,1,1,0
2,1,1,1,45,4.0,0,1,1,1,0,0,1,0,0,1
5,3,5,1,109,4.25,1,1,1,0,1,1,0,1,1,0
2,1,1,1,49,4.76,0,1,1,0,1,1,1,1,1,0
4,2,4,1,84,3.99,1,0,1,1,1,1,0,1,0,1
7,3,5,2,195,4.87,1,1,1,0,0,0,1,0,0,1
3,1,2,1,113,4.58,1,0,0,1,1,1,1,1,1,0
6,2,5,1,145,4.0,1,1,1,1,1,1,0,1,1,1
4,2,2,1,116,4.0,1,1,1,1,1,1,1,0,0,1
1,1,1,1,40,4.0,0,1,1,1,0,1,1,1,0,1
6,3,4,1,171,4.54,1,1,1,1,1,1,0,1,1,1
1,1,1,1,30,5.0,0,1,1,1,0,0,1,0,0,1
6,2,2,1,190,4.79,1,1,0,1,1,1,0,1,0,1
4,0,2,1,106,4.36,1,0,1,0,1,1,0,1,1,1
6,3,4,2,237,5.0,1,1,1,1,1,1,0,1,1,1
1,1,1,1,26,4.0,0,1,1,1,1,1,0,1,1,0
7,3,7,2,93,4.0,1,1,0,1,1,1,0,1,1,1
2,1,2,1,20,4.55,0,1,1,1,0,1,1,0,1,0
6,3,6,1,171,4.0,1,0,1,0,1,1,1,1,1,1
7,4,7,2,10,4.38,1,1,1,1,0,0,1,0,0,1
7,3,7,2,91,4.0,1,1,0,1,1,1,0,1,1,1
2,1,2,2,48,4.0,0,1,1,1,0,0,1,0,0,1
7,3,6,2,162,4.0,1,1,1,1,1,1,0,1,1,1
2,1,1,1,35,4.83,0,1,1,0,1,1,0,1,1,1
6,3,6,1,160,4.64,1,1,1,1,1,1,0,1,0,1
6,3,6,2,139,4.0,1,1,0,1,1,1,0,1,1,0
8,4,6,2,140,5.0,1,1,1,0,1,1,0,1,0,1
2,1,1,1,75,4.35,1,0,0,1,1,1,0,1,1,1
6,3,3,1,140,4.73,1,1,1,0,0,0,1,0,0,1
1,1,1,1,20,4.42,0,0,1,0,0,1,1,0,1,1
8,3,6,2,169,3.67,1,0,0,1,1,1,0,1,0,1
4,0,2,1,94,4.92,1,1,1,0,1,1,1,1,0,1
8,3,4,2,215,4.0,1,0,0,1,0,0,1,0,0,1
2,1,1,1,35,4.3,0,1,1,1,0,1,1,0,1,1
6,3,3,2,218,4.0,1,1,0,1,1,1,0,1,1,1
2,1,1,1,40,4.0,0,1,0,1,0,0,1,0,0,1
3,1,2,1,58,4.76,1,0,0,0,0,0,1,0,0,1
6,3,4,2,174,4.0,1,1,1,1,0,0,1,0,0,1
2,1,1,1,80,4.93,1,1,1,0,1,1,0,1,1,1
5,2,2,1,92,4.0,1,1,0,1,1,1,0,1,1,1
4,2,3,1,80,4.0,1,0,1,1,1,1,0,1,1,1
7,2,5,3,200,4.64,1,1,1,1,1,1,0,1,1,1
2,0,2,1,134,4.0,1,1,1,0,1,1,0,1,1,1
5,2,3,2,133,4.11,1,1,0,1,1,1,0,0,1,0
1,1,1,1,30,4.0,0,1,1,0,0,0,1,0,0,1
6,3,5,2,160,4.73,1,1,1,1,1,1,0,1,1,1
4,2,3,1,100,4.29,1,1,1,0,1,1,0,1,0,1
3,1,2,1,110,4.0,0,0,1,1,1,1,0,1,1,1
6,3,4,1,220,3.91,1,0,1,1,1,1,0,1,0,1
2,1,2,1,38,4.98,0,1,1,1,1,1,0,0,1,0
5,3,4,1,173,4.15,1,1,0,1,1,1,0,1,0,1
2,1,1,1,54,4.78,0,1,1,1,1,1,1,0,1,0
6,3,1,1,125,4.56,1,1,1,1,0,0,1,0,0,1
6,2,3,1,80,4.21,1,1,1,1,1,1,0,1,1,1
6,2,4,1,103,4.37,1,1,1,1,0,0,1,0,0,1
4,2,4,1,95,4.53,1,1,0,1,1,1,0,1,1,1
6,3,5,2,158,4.55,1,0,0,1,1,1,0,1,1,1
1,1,1,1,20,4.55,0,1,1,1,0,1,1,0,1,0
5,1,3,2,98,5.0,0,1,1,0,0,0,1,0,0,1
1,1,1,1,25,4.61,0,1,1,0,1,1,0,0,0,1
6,3,6,2,145,4.0,1,0,0,0,1,1,0,1,1,0
2,1,1,1,60,4.13,1,0,1,1,1,1,0,0,1,0
6,3,6,2,134,4.2,1,1,0,1,1,1,0,1,1,0
1,0,2,1,75,4.81,1,1,1,1,1,1,0,1,1,1
6,3,3,2,247,4.67,1,1,1,1,1,1,0,1,1,1
2,1,1,1,42,4.42,0,0,1,1,1,1,0,0,1,0
10,4,7,2,195,4.85,1,1,0,1,1,1,1,0,0,1
1,1,1,1,30,4.77,0,1,1,0,0,1,1,0,1,1
6,3,5,1,126,4.0,1,1,1,1,0,0,1,0,0,1
2,1,1,1,35,4.92,0,1,1,0,1,1,1,1,0,1
6,3,6,3,229,4.83,1,1,0,1,1,1,0,1,1,1
2,1,1,1,71,4.0,0,0,1,0,0,0,1,0,0,1
5,3,5,1,143,4.0,1,1,0,1,1,1,0,1,1,1
4,2,3,2,98,4.82,1,1,1,0,1,1,0,1,0,1
3,2,2,1,35,4.71,1,1,1,1,1,1,0,1,1,1
6,2,3,1,75,4.7,1,1,0,1,1,1,0,1,0,1
4,1,1,1,64,4.65,1,0,0,1,1,1,0,1,1,1
6,3,5,2,120,4.96,1,1,1,0,1,1,0,1,0,1
4,2,3,1,40,4.71,1,1,1,1,1,1,0,1,1,1
6,2,2,1,79,4.86,1,1,1,0,1,1,0,1,0,1
2,1,1,1,20,4.86,0,1,1,0,0,0,1,0,0,1
5,2,3,1,95,4.57,1,1,1,1,1,1,0,1,0,1
4,1,1,1,40,4.31,1,0,0,0,1,1,0,1,0,1
6,2,5,1,90,4.0,1,1,1,1,1,1,0,1,1,1
2,1,1,1,20,4.73,0,1,1,1,0,1,0,0,1,0
6,3,4,1,100,4.47,1,0,1,1,1,1,0,1,0,1
1,1,1,1,15,4.64,0,1,1,0,1,1,0,0,1,1
6,3,3,2,183,4.0,1,1,1,0,1,1,0,1,0,1
4,1,2,1,43,4.66,1,1,0,1,1,1,0,1,0,1
5,3,6,1,131,4.0,1,1,1,0,1,1,0,1,1,0
1,1,1,1,15,4.56,0,1,1,1,0,1,1,0,1,1
5,2,5,2,80,4.56,1,1,1,1,1,1,0,1,1,1
1,1,2,1,18,4.83,0,1,1,0,1,1,0,1,1,0
5,0,3,1,55,4.68,1,1,0,1,1,1,0,1,1,1
3,1,1,1,68,4.64,1,1,0,1,1,1,0,1,1,1
6,2,3,1,80,4.89,1,1,1,0,1,1,0,1,0,1
1,1,1,1,18,4.9,0,1,1,1,1,1,1,1,1,1
5,3,4,1,100,4.9,1,1,1,0,1,1,0,1,1,1
4,2,2,1,67,5.0,1,1,1,0,0,0,1,0,0,1
5,3,5,2,110,4.93,1,1,1,1,1,1,0,1,0,1
5,3,4,1,62,4.0,1,1,1,1,1,1,0,1,0,1
6,2,3,2,80,4.1,1,1,1,0,0,0,1,0,0,1
2,1,1,1,83,4.95,1,1,1,0,1,1,0,1,1,1
7,3,4,2,150,4.0,1,1,0,1,1,1,0,1,1,1
2,1,1,1,38,4.0,1,0,0,1,1,1,1,1,1,0
6,2,4,1,100,4.92,1,1,0,1,1,1,0,1,1,0
4,1,2,1,112,4.0,1,0,1,0,0,0,1,0,0,1
6,3,4,1,106,4.0,1,0,0,1,1,1,0,1,1,0
4,2,1,1,80,4.86,1,1,1,0,0,0,1,0,0,1
6,2,4,1,84,4.78,1,1,1,0,1,1,0,1,1,1
5,2,3,1,90,4.49,1,0,0,1,1,1,0,1,1,1
6,2,3,2,80,4.86,1,1,1,0,1,1,0,1,0,1
3,2,2,1,55,4.82,1,0,1,0,1,1,0,0,0,1
8,3,4,2,126,4.82,1,1,0,1,1,1,0,1,0,1
4,2,3,1,40,4.71,1,1,1,1,0,0,1,0,0,1
6,2,4,1,92,4.78,1,1,1,0,1,1,0,1,1,1
1,1,2,1,18,4.83,0,1,1,0,1,1,0,1,1,0
6,3,5,2,120,4.93,1,1,1,0,1,1,0,1,0,1
3,1,1,1,59,4.83,1,1,1,0,1,1,0,1,1,0
6,2,4,1,95,4.94,1,1,1,0,1,1,0,1,1,1
1,1,1,1,16,4.36,0,1,1,1,0,0,1,0,0,1
6,2,3,2,116,4.0,1,1,1,1,1,1,0,1,1,0
4,1,2,1,60,4.74,1,1,1,0,1,1,1,1,1,1
5,2,3,1,72,4.73,1,1,1,1,1,0,0,1,1,0
1,1,1,2,25,4.84,0,1,1,0,1,1,0,0,1,0
7,3,7,2,114,4.63,1,1,0,1,1,1,0,1,0,1
2,1,1,1,68,4.51,1,1,0,1,0,0,1,0,0,1
8,3,6,1,135,4.69,1,1,0,1,1,1,0,1,0,1
3,1,2,1,50,4.58,1,1,1,1,1,1,0,0,0,1
8,3,4,2,152,4.0,1,1,0,1,1,1,0,1,0,1
2,1,1,1,100,4.87,1,1,1,0,1,1,0,1,1,0
8,3,4,2,126,4.82,1,1,0,1,1,1,0,1,0,1
3,1,2,1,68,4.98,1,1,1,0,1,1,0,1,0,1
5,2,4,1,110,4.94,1,1,0,1,1,1,0,1,1,1
3,0,1,1,45,4.66,1,1,1,1,0,0,1,0,0,1
6,3,4,1,75,4.77,1,0,1,1,1,1,0,1,1,1
2,1,1,1,49,4.53,0,0,1,0,0,1,1,0,1,1
6,2,3,1,130,4.98,0,1,1,1,0,0,1,1,0,1
2,1,1,1,39,4.57,1,1,1,1,1,1,0,1,0,1
5,1,3,1,72,4.87,1,1,0,0,1,1,0,1,0,1
2,0,1,1,68,4.58,1,1,0,1,1,1,0,1,1,1
8,3,4,2,140,4.89,1,1,1,0,1,1,0,1,0,1
4,1,2,1,60,4.33,1,1,1,0,1,1,0,1,0,1
6,2,3,2,140,4.9,1,1,1,0,0,0,1,0,0,1
3,1,2,1,44,4.75,1,0,0,1,1,1,1,0,1,0
6,2,3,2,92,4.52,1,1,0,1,1,1,0,1,1,1
6,2,4,1,70,4.89,1,1,1,0,1,1,0,1,0,1
6,2,3,1,101,4.0,1,1,0,1,1,1,0,1,0,1
3,0,2,1,52,4.54,1,1,0,1,1,1,0,1,1,1
6,2,5,1,83,4.85,1,1,1,0,1,1,0,1,1,0
2,0,1,1,65,4.77,1,1,1,1,1,1,1,1,0,1
6,3,4,2,165,4.97,1,1,1,0,1,1,0,1,0,1
4,2,3,1,65,4.75,1,1,1,1,1,1,0,1,0,1
5,2,3,1,92,4.0,1,1,0,1,1,1,0,1,0,1
3,0,2,1,75,4.97,1,1,1,0,1,1,0,1,1,0
6,2,2,2,124,4.38,1,1,0,1,1,1,0,1,1,1
5,3,3,1,40,4.52,1,0,1,1,1,1,0,1,0,1
6,2,5,2,141,4.0,1,1,1,0,1,1,0,1,0,1
1,1,1,1,11,4.73,0,1,1,1,0,0,1,0,0,1
6,2,4,2,124,4.83,1,1,1,1,1,1,0,1,0,1
4,2,3,1,59,4.85,1,1,1,1,1,1,0,1,0,1
6,3,4,2,130,4.89,1,1,1,1,1,1,0,1,0,1
4,3,1,1,10,4.0,1,1,1,1,0,0,1,0,0,1
5,3,3,1,125,4.91,1,1,1,0,1,1,0,1,1,1
3,1,1,1,82,4.0,1,1,1,0,1,1,0,1,1,0
5,3,4,1,160,4.7,1,1,0,1,0,0,1,0,0,1
2,1,2,1,57,4.65,0,1,1,0,1,1,0,1,1,1
5,2,3,1,87,4.4,1,1,0,1,1,1,0,1,1,1
2,1,1,1,75,4.82,1,1,1,0,0,0,1,0,0,1
5,2,3,1,94,4.0,1,1,0,1,0,0,1,0,0,1
4,2,3,1,80,4.77,1,1,1,0,1,1,0,0,0,1
7,4,4,2,145,4.64,1,0,1,1,1,1,0,1,0,1
2,0,1,1,68,4.5,1,0,0,1,0,0,1,0,0,1
6,2,4,2,135,4.76,1,1,1,0,1,1,0,1,1,1
6,2,3,1,65,4.91,1,1,1,0,1,1,0,1,0,1
6,2,3,1,92,4.38,1,1,1,1,1,1,0,1,1,1
3,2,4,1,95,4.2,1,0,0,1,1,1,1,1,1,1
6,3,4,3,160,4.8,1,1,0,1,1,1,0,1,0,1
4,1,4,1,66,4.0,1,1,1,0,1,1,0,1,1,1
6,2,2,1,100,4.5,1,0,0,0,1,1,0,1,0,1
2,1,2,1,75,4.93,0,1,1,1,0,0,1,0,0,1
5,2,4,1,115,4.0,1,1,1,1,1,1,0,1,1,1
1,1,1,1,21,4.94,0,1,1,1,1,1,1,0,0,1
8,2,4,3,189,4.0,1,1,1,1,1,1,0,1,0,1
6,2,2,1,55,4.33,1,0,1,1,0,0,1,0,0,1
6,2,3,1,68,4.7,1,1,0,0,1,1,0,1,0,1
2,0,1,1,100,4.0,1,0,0,1,1,1,1,1,1,1
6,2,5,2,172,4.0,1,1,1,1,1,1,0,1,1,1
2,1,1,1,26,4.83,0,1,1,1,1,1,1,0,1,0
6,4,5,2,181,5.0,1,1,0,1,1,1,0,1,1,1
4,2,3,1,63,4.0,1,1,1,1,1,1,0,0,1,1
6,2,4,1,172,4.0,1,1,1,1,1,1,0,1,0,1
1,1,1,1,30,4.89,0,1,1,0,1,1,0,0,1,0
5,2,3,1,65,4.72,1,1,1,1,1,1,0,1,0,1
2,1,1,1,49,4.41,0,0,1,1,0,1,1,1,1,1
7,2,4,2,81,4.39,1,0,1,1,1,1,0,1,1,1
1,1,1,1,24,4.75,0,1,1,1,0,0,1,0,0,1
5,2,2,1,91,4.0,1,1,1,1,1,1,0,1,1,0
2,1,1,1,57,4.94,1,1,1,1,1,1,0,1,1,0
6,2,4,1,101,4.07,1,1,1,1,0,0,1,0,0,1
1,1,1,1,33,4.96,0,1,1,0,1,1,0,1,1,1
6,2,4,2,121,4.0,1,1,0,1,1,1,0,1,0,1
1,1,1,1,20,4.86,0,1,1,1,1,1,1,0,1,0
6,2,4,2,120,4.0,1,0,0,1,1,1,0,1,1,0
1,1,1,2,29,4.84,0,1,1,0,1,1,0,0,1,0
6,2,3,1,107,4.86,1,1,0,1,1,1,0,1,0,1
1,1,1,1,20,4.53,0,1,1,1,0,1,0,0,1,0
6,3,4,1,100,4.72,1,0,1,0,0,0,1,0,0,1
4,1,2,2,28,4.46,0,0,1,1,1,1,1,0,1,1
6,3,5,2,120,4.5,1,0,1,0,1,1,0,1,0,1
2,1,1,1,26,4.83,0,1,1,1,1,1,1,0,1,0
5,2,5,1,80,4.31,1,0,1,1,1,1,0,1,1,0
2,1,1,2,24,4.4,0,0,1,0,1,1,0,1,1,1
6,2,5,2,147,4.95,1,1,1,0,1,1,0,1,0,1
3,1,1,1,70,4.87,1,1,1,1,1,1,0,0,1,1
5,2,3,1,118,4.71,1,1,0,0,1,1,0,1,1,0
2,1,2,1,57,4.63,0,0,1,1,1,1,0,1,1,1
6,3,3,1,90,4.73,1,1,1,0,1,1,0,1,0,1
2,1,1,1,18,5.0,0,1,1,1,0,0,1,0,0,1
5,2,3,1,125,4.64,1,1,1,1,1,1,0,1,1,1
5,3,4,2,92,4.64,1,0,1,1,1,1,0,1,1,0
6,3,5,1,160,5.0,1,1,1,0,1,1,0,1,0,1
3,0,2,1,52,4.54,1,1,0,1,1,1,0,1,1,1
6,2,4,1,93,4.8,1,1,1,1,1,1,0,1,0,1
2,1,1,1,65,4.82,1,1,1,0,0,0,1,0,0,1
5,2,2,1,90,4.92,1,1,1,1,1,1,0,1,0,1
1,1,1,1,21,5.0,0,1,1,0,0,0,1,0,0,1
8,3,6,1,98,4.76,1,1,1,1,1,1,0,1,0,1
3,0,2,2,27,4.56,0,0,1,0,0,0,1,0,0,1
6,2,5,2,111,4.41,1,1,1,0,1,1,0,1,1,1
4,1,2,2,82,4.0,1,1,1,0,1,1,0,1,0,1
6,2,3,1,112,4.94,1,1,0,1,1,1,0,1,0,1
2,1,1,1,65,4.86,1,1,1,1,1,1,0,1,1,1
5,2,3,1,85,4.72,1,1,1,0,1,1,0,1,1,1
2,1,1,1,22,4.45,0,0,1,1,0,0,1,0,0,1
5,2,1,1,120,4.91,1,1,1,0,1,1,0,1,1,1
4,2,3,1,60,4.84,1,1,1,0,1,1,0,1,1,1
5,2,3,1,114,4.4,1,1,0,1,1,1,0,1,0,1
4,1,2,1,60,4.73,1,1,1,0,1,1,0,1,0,1
6,2,4,2,123,4.83,1,1,1,1,1,1,0,1,0,1
2,1,1,1,40,4.45,1,1,1,1,0,0,1,0,0,1
5,2,3,2,85,4.71,1,0,1,1,1,1,0,1,0,1
1,1,1,2,29,4.84,0,1,1,0,1,1,0,0,1,0
6,2,4,2,131,4.0,1,1,0,1,1,1,0,1,0,1
2,1,2,1,57,4.63,0,0,1,1,1,1,0,1,1,1
6,2,4,1,100,4.74,0,1,1,1,0,0,1,0,0,1
2,1,2,1,12,4.8,0,1,1,1,1,1,0,0,0,1
6,3,4,2,219,4.0,1,1,0,1,1,1,0,1,1,1
3,1,2,1,47,4.8,1,1,1,0,0,0,1,0,0,1
6,2,3,1,96,4.33,1,1,0,1,1,1,0,1,0,1
2,1,2,1,19,4.84,0,1,1,1,0,1,1,0,1,0
5,2,3,1,75,4.62,1,0,1,1,1,1,0,1,1,1
4,2,2,1,70,4.55,1,0,1,0,1,1,0,1,0,1
5,3,3,1,77,4.5,1,0,0,0,1,1,0,1,0,1
2,0,1,1,50,4.89,1,1,1,0,0,0,1,0,0,1
5,2,4,2,105,4.58,1,1,1,1,1,1,0,1,1,1
2,1,1,1,65,4.86,1,1,1,1,1,1,0,1,1,1
5,3,4,1,100,4.68,1,1,1,0,1,1,0,0,1,1
5,2,3,1,66,4.0,1,1,1,1,0,0,1,0,0,1
7,3,7,2,170,4.94,1,1,1,0,1,1,0,1,1,0
2,1,1,1,180,4.88,1,1,0,1,1,1,0,1,1,1
5,2,4,1,136,4.0,1,1,1,0,1,1,0,1,0,0
4,2,3,2,88,4.52,1,1,0,1,1,1,0,1,1,1
5,2,3,1,94,4.0,1,1,0,1,0,0,1,0,0,1
2,1,1,1,125,4.87,1,1,1,0,1,1,0,1,1,0
6,2,4,2,139,5.0,1,1,0,1,0,0,1,0,0,1
2,1,1,1,40,4.33,1,0,1,1,1,1,0,1,1,1
5,3,3,1,119,4.6,1,1,1,1,1,1,0,1,1,1
3,1,1,1,72,4.65,1,1,0,1,1,1,0,1,1,1
6,2,5,2,161,4.0,1,1,1,1,1,1,0,1,0,1
4,0,1,1,72,4.39,1,1,1,1,1,1,0,1,0,1
6,1,5,1,130,5.0,1,1,1,0,1,1,0,1,1,1
2,1,1,1,20,4.73,0,1,1,1,0,1,0,0,1,0
6,2,4,2,135,4.89,1,1,0,1,1,1,0,1,0,1
2,1,1,1,39,4.57,1,1,1,1,1,1,0,1,0,1
6,3,5,2,160,4.84,1,1,1,0,1,1,0,1,0,1
3,2,2,1,55,4.82,1,0,1,0,1,1,0,0,0,1
6,3,4,1,165,4.69,1,1,1,1,1,1,0,1,1,1
1,1,1,1,18,4.52,0,1,1,1,1,1,1,0,1,1
7,2,4,2,85,4.39,1,0,1,1,1,1,0,1,1,1
1,1,1,1,11,4.0,0,1,1,1,1,1,0,0,1,0
6,3,5,2,230,4.78,1,1,0,1,1,1,0,1,1,1
2,1,1,1,35,4.73,0,1,1,0,1,1,0,0,0,1
6,2,4,2,165,4.0,1,1,0,1,1,1,0,1,1,1
2,1,2,1,57,4.65,0,0,1,1,1,1,0,1,1,1
6,2,4,2,140,4.0,1,1,1,1,1,1,0,1,0,1
2,2,2,2,50,4.43,1,0,1,1,1,1,0,1,1,1
5,2,3,2,85,4.71,1,0,1,1,1,1,0,1,0,1
3,1,2,1,44,4.75,1,0,0,1,1,1,1,0,1,0
5,3,4,1,123,4.7,1,1,0,1,0,0,1,0,0,1
2,1,1,1,30,4.38,1,0,1,1,1,1,0,1,0,1
6,2,3,1,135,4.97,1,1,1,1,1,1,0,1,0,1
2,1,1,1,30,4.83,0,1,1,1,1,1,0,1,0,1
5,2,6,2,110,4.0,1,1,0,1,1,1,0,1,1,1
1,1,1,2,20,4.34,0,0,1,0,1,1,0,1,1,1
6,2,4,1,100,4.74,0,1,1,1,0,0,1,0,0,1
6,3,5,2,81,4.93,1,1,1,0,1,1,0,1,0,1
5,2,5,1,84,4.38,1,1,0,0,1,1,0,1,0,1
4,0,2,1,66,4.43,1,1,1,0,0,0,1,0,0,1
6,2,4,1,124,4.84,1,1,0,1,1,1,0,1,0,1
1,1,1,1,20,4.83,0,1,1,1,1,1,0,0,1,1
8,3,7,2,140,4.78,1,0,0,1,1,1,0,1,1,0
2,1,1,1,20,4.82,0,1,1,1,1,1,0,0,1,1
5,3,3,1,119,4.6,1,1,1,1,1,1,0,1,1,1
4,2,2,1,73,4.98,1,1,1,0,0,0,1,0,0,1
6,2,3,1,130,5.0,1,1,1,1,1,1,0,1,1,1
2,1,1,2,33,4.0,0,1,1,0,1,1,1,0,0,1
5,3,3,1,125,4.91,1,1,1,0,1,1,0,1,1,1
2,1,2,2,32,4.61,0,0,1,0,0,0,1,0,0,1
6,2,4,2,135,4.83,1,1,1,1,1,1,0,1,0,1
2,0,1,1,65,4.21,1,1,0,1,1,1,1,1,0,1
5,2,4,1,88,4.62,1,1,0,1,1,1,0,1,0,1
1,1,1,2,19,4.61,0,1,1,1,0,0,1,0,0,1
5,1,3,2,110,4.0,1,1,1,0,1,1,0,1,1,1
1,1,1,1,26,4.86,0,1,1,1,0,0,1,0,0,1
8,2,4,1,237,4.81,1,1,0,1,1,1,0,1,0,1
2,1,1,1,59,4.53,0,0,1,0,0,1,1,0,1,1
6,2,3,1,140,4.82,1,1,1,0,1,1,0,1,0,0
2,1,1,1,42,4.78,0,1,0,1,1,1,0,1,1,1
6,3,5,2,100,4.0,1,1,1,1,1,1,0,1,1,0
4,1,2,2,70,4.91,1,1,1,0,1,1,0,1,0,1
5,3,4,1,82,4.63,1,1,1,0,1,1,0,1,1,1
3,1,1,1,65,4.82,1,1,0,1,1,1,0,1,1,1
8,3,6,2,135,4.39,1,1,1,1,0,0,1,0,0,1
2,1,2,1,57,4.65,0,0,1,1,1,1,0,1,1,1
6,2,3,1,80,4.89,1,1,1,0,1,1,0,1,0,1
2,1,1,1,22,4.45,0,0,1,1,0,0,1,0,0,1
6,2,2,2,134,4.0,1,1,1,1,1,0,0,1,1,0
4,1,2,1,123,4.98,1,1,0,1,1,1,0,1,0,1
6,2,3,2,145,4.72,1,1,1,1,1,1,0,1,1,1
2,0,1,1,65,4.21,1,1,0,1,1,1,1,1,0,1
6,2,4,2,185,4.0,1,1,0,1,1,1,0,1,1,1
4,1,2,1,65,4.92,1,1,0,1,1,1,0,1,0,1
5,2,3,1,135,4.9,1,1,0,1,1,1,0,0,1,1
1,1,1,1,13,4.42,0,0,1,1,1,1,0,0,0,1
6,2,3,2,135,4.86,1,1,1,0,1,1,0,1,0,1
4,1,2,1,65,4.37,1,0,0,0,1,1,1,1,0,1
5,2,3,1,105,4.64,1,1,1,1,1,1,0,1,1,1
2,1,1,1,70,3.93,1,0,1,1,1,1,0,1,0,1
5,3,3,1,80,4.29,1,1,1,1,1,1,0,1,1,1
2,0,1,1,75,4.34,1,1,0,1,1,1,1,1,1,0
6,2,5,1,120,4.24,1,1,1,1,1,1,0,1,1,1
2,1,1,1,18,4.62,0,1,1,1,1,1,1,1,1,1
5,2,4,2,95,4.0,1,1,1,1,1,1,0,1,1,1
1,1,1,1,24,4.72,0,1,1,1,0,1,1,0,0,1
6,2,3,2,155,4.87,1,1,1,1,1,1,0,1,0,1
4,1,2,1,85,4.75,1,1,0,1,1,1,0,1,1,0
6,2,3,2,150,4.0,1,1,1,1,1,1,0,1,1,1
2,1,1,1,40,4.0,0,1,1,1,1,1,1,1,0,1
7,3,4,2,150,4.0,1,1,0,1,1,1,0,1,1,1
4,1,2,1,60,4.33,1,1,1,0,1,1,0,1,0,1
8,3,6,2,180,4.63,1,0,0,0,1,1,0,1,1,1
4,2,3,1,65,4.75,1,1,1,1,1,1,0,1,0,1
5,2,3,1,75,4.73,1,1,1,1,1,0,0,1,1,0
4,0,1,1,72,4.39,1,1,1,1,1,1,0,1,0,1
5,3,4,2,120,4.89,1,1,1,0,1,1,0,1,1,1
1,1,1,1,30,4.83,0,1,1,0,1,1,0,0,1,1
7,2,5,1,100,4.7,1,1,1,1,1,1,0,1,0,1
5,2,3,2,80,4.68,1,0,0,1,0,0,1,0,0,1
6,4,4,2,100,4.82,1,1,1,0,1,1,0,1,0,1
1,1,1,2,29,4.81,0,1,1,0,1,1,0,0,1,0
5,2,4,1,88,4.62,1,1,0,1,1,1,0,1,0,1
4,2,3,1,60,4.84,1,1,1,0,1,1,0,1,1,1
6,2,2,2,124,4.38,1,1,0,1,1,1,0,1,1,1
4,1,3,1,66,4.41,1,0,0,1,0,0,1,0,0,1
6,2,3,1,115,4.0,1,1,1,1,1,1,0,1,1,0
1,1,1,1,21,4.94,0,1,1,1,1,1,1,0,0,1
5,2,4,1,105,4.71,1,1,0,1,1,1,0,1,1,1
2,1,2,1,63,4.0,0,0,1,1,1,1,0,1,1,1
6,2,3,1,144,4.67,1,1,0,1,1,1,0,1,1,1
2,1,1,2,23,4.37,0,0,1,1,1,1,0,1,1,1
6,2,4,1,93,4.73,1,1,1,1,1,1,0,1,0,1
3,0,2,1,68,4.54,1,1,0,1,1,1,0,1,1,1
6,3,5,1,101,4.85,1,1,1,1,1,1,0,1,1,1
4,2,3,2,88,4.52,1,1,0,1,1,1,0,1,1,1
5,3,4,2,149,4.0,1,0,0,1,1,1,0,1,1,1
2,1,1,1,35,4.74,0,1,0,1,1,1,0,1,1,1
5,2,5,1,89,4.82,1,1,0,1,1,1,0,1,0,1
1,1,1,1,16,4.62,0,1,1,1,0,1,0,0,1,0
5,2,3,1,100,4.92,1,1,1,1,1,1,0,1,0,1
2,1,1,1,65,4.82,1,1,1,0,0,0,1,0,0,1
5,2,4,2,129,4.72,1,1,1,1,1,1,0,1,1,1
4,2,2,1,70,4.55,1,0,1,0,0,0,1,0,0,1
6,2,4,2,140,4.76,1,1,0,1,1,1,0,1,0,1
4,1,2,2,70,4.91,1,1,1,0,1,1,0,1,0,1
2,1,1,1,12,5.0,0,1,1,1,1,1,0,1,0,1
6,3,5,2,197,4.53,1,1,0,1,1,1,0,1,0,1
4,1,2,1,70,4.42,1,1,0,1,1,1,0,0,1,1
7,4,5,2,100,4.85,1,1,1,1,1,1,0,1,1,1
2,1,1,1,76,3.93,1,0,1,1,1,1,0,1,0,1
6,2,4,2,135,4.76,1,1,1,0,1,1,0,1,1,1
2,1,1,1,20,4.78,0,1,1,1,1,1,1,0,1,1
5,2,2,2,163,4.85,1,1,1,0,1,1,0,1,0,1
6,2,4,1,75,4.67,1,0,0,0,1,1,0,1,0,1
6,2,4,1,73,5.0,1,1,1,0,1,1,0,1,1,0
2,1,1,1,36,5.0,0,1,1,0,0,1,0,0,0,1
4,2,3,1,85,4.49,1,1,1,0,1,1,0,0,0,1
5,3,4,1,175,4.53,1,1,0,1,1,1,0,1,1,1
3,1,2,1,99,4.38,1,0,0,1,1,1,1,1,1,1
5,2,6,2,120,4.0,1,1,0,1,1,1,0,1,1,1
5,3,4,2,153,4.0,1,1,1,0,1,1,0,1,1,1
6,2,4,2,145,4.76,1,1,0,1,1,1,0,1,0,1
6,2,4,2,92,4.0,1,0,0,1,1,1,0,1,1,0
6,2,5,1,170,4.67,1,1,1,0,1,1,0,1,1,0
2,1,1,1,35,5.0,0,1,1,1,0,0,1,0,0,1
6,2,4,2,140,4.0,1,1,1,1,1,1,0,1,0,1
2,3,6,2,27,4.47,0,0,1,1,1,1,0,0,1,1
6,2,4,1,159,4.0,1,1,1,0,1,1,0,1,0,1
2,1,1,1,50,4.59,1,1,1,1,1,0,0,1,0,0
6,2,3,2,237,4.0,1,1,0,1,1,1,0,1,0,1
2,1,1,1,60,4.4,1,1,0,1,0,0,1,0,0,1
5,1,1,1,95,4.77,1,1,0,1,1,1,0,1,0,1
4,2,2,1,80,4.84,1,1,1,1,1,1,0,1,0,1
6,2,3,1,130,5.0,1,1,1,1,1,1,0,1,1,1
2,1,2,2,25,4.65,0,0,1,1,0,0,1,0,0,1
7,2,4,1,95,4.0,1,1,0,1,1,0,0,1,0,1
6,3,4,1,199,4.0,1,1,1,0,1,1,0,1,0,1
6,3,1,1,122,4.67,1,1,0,1,0,0,1,0,0,1
2,1,1,1,59,4.35,1,0,1,1,1,1,1,1,0,1
6,3,4,2,180,4.85,1,1,1,0,1,1,0,1,1,1
4,2,3,1,55,4.79,1,1,1,1,1,1,0,1,1,1
7,3,5,2,226,4.74,1,1,1,0,1,1,0,1,1,1
5,2,3,1,85,4.86,1,1,1,1,1,1,0,1,1,0
5,3,3,1,90,4.75,1,1,1,0,1,1,0,1,1,1
2,1,1,1,63,4.45,1,1,1,1,1,1,0,1,1,1
3,1,2,1,50,4.58,1,1,1,1,1,1,0,0,0,1
5,2,4,1,120,4.7,1,1,1,0,1,1,0,1,0,0
4,1,2,1,69,4.11,1,0,1,1,0,1,0,1,1,1
6,2,5,2,185,4.99,0,1,1,1,0,0,1,1,0,1
3,1,2,1,99,4.23,1,1,0,1,1,1,0,0,0,1
6,2,5,2,161,4.5,1,1,1,1,1,1,0,1,0,1
3,1,2,1,80,4.89,1,1,0,1,1,1,1,1,1,0
6,2,4,1,143,4.0,1,1,0,1,1,1,0,1,0,1
2,1,1,1,90,4.93,1,1,0,1,1,1,0,1,1,1
6,2,4,1,120,4.87,1,1,1,0,1,1,0,1,1,0
2,1,2,1,40,4.47,0,0,0,1,1,1,0,0,0,1
6,2,4,1,85,4.59,1,1,1,1,0,0,1,0,0,1
4,2,3,1,40,4.9,1,1,1,1,1,1,0,1,0,1
6,2,4,1,176,5.0,1,1,1,1,1,1,0,1,1,1
2,1,1,2,39,4.52,0,1,1,0,0,0,1,0,0,1
5,2,4,1,80,4.65,1,0,1,1,1,1,0,1,1,1
4,1,1,1,57,4.46,1,0,1,1,1,1,0,0,0,1
6,2,2,2,179,4.0,1,1,0,1,1,1,0,1,0,1
5,2,2,1,102,4.5,1,1,0,1,1,1,0,1,0,1
6,2,4,2,135,4.89,1,1,0,1,1,1,0,1,0,1
4,2,2,1,65,5.0,1,1,1,0,1,1,0,1,1,1
6,2,3,1,140,4.82,1,1,1,0,1,1,0,1,0,0
2,1,1,1,80,5.0,1,1,1,0,0,0,1,0,0,1
5,2,3,2,180,4.0,1,1,0,1,0,0,1,0,0,1
2,1,1,1,93,4.9,1,1,0,1,1,1,1,1,1,0
6,2,3,1,134,4.0,1,1,1,1,1,0,0,1,1,0
2,1,2,1,50,4.65,0,1,0,1,1,1,0,0,0,1
5,3,5,2,150,4.91,1,1,1,1,1,1,0,1,1,1
3,1,2,1,72,4.8,1,1,0,1,0,0,1,0,0,1
5,2,4,1,90,4.7,1,1,1,0,1,1,0,1,0,0
5,3,4,1,62,4.0,1,1,1,1,1,1,0,1,0,1
9,3,5,2,174,4.83,1,1,1,1,1,1,0,1,0,1
2,1,2,1,57,4.65,0,1,1,0,1,1,0,1,1,1
9,2,7,2,230,4.84,1,1,1,0,1,1,0,1,1,1
5,3,4,1,57,4.43,1,0,0,1,1,1,0,0,1,0
6,3,5,2,191,4.85,1,1,1,0,1,1,0,1,1,1
4,1,3,1,83,4.6,1,1,0,1,1,1,0,1,1,0
7,3,5,2,115,4.71,1,1,1,0,1,0,0,1,1,1
4,1,2,1,94,4.96,0,1,1,1,0,0,1,0,0,1
6,3,5,2,163,4.0,1,1,1,1,1,1,0,1,1,1
3,1,1,1,60,4.86,1,1,0,1,0,0,1,0,0,1
8,3,6,2,145,4.39,1,1,1,1,0,0,1,0,0,1
2,1,2,1,52,4.68,0,1,1,0,1,1,0,1,1,1
6,3,5,2,130,4.83,1,0,0,1,1,1,0,1,0,1
3,1,4,1,72,4.64,1,1,0,1,1,1,0,0,1,1
5,2,2,1,90,4.92,1,1,1,1,1,1,0,1,0,1
2,1,1,1,26,4.0,0,1,1,1,1,1,1,1,1,1
6,2,2,2,87,4.0,1,1,0,1,1,1,0,1,0,1
3,0,2,1,75,4.97,1,1,1,0,1,1,0,1,1,0
5,2,3,2,120,4.45,1,1,0,1,1,1,0,1,0,1
3,0,2,1,65,4.68,1,0,0,1,1,1,1,1,1,1
5,2,3,1,85,4.72,1,1,1,0,1,1,0,1,1,1
2,1,1,1,90,4.93,1,1,0,1,1,1,0,1,1,1
6,3,5,2,120,4.5,1,0,1,0,1,1,0,1,0,1
4,1,1,1,70,4.58,1,0,1,0,1,1,0,1,1,1
5,3,4,2,150,4.88,1,1,1,1,1,1,0,1,1,1
4,2,3,1,43,4.38,1,0,1,1,1,1,0,0,1,0
7,2,4,1,120,4.28,1,1,0,1,1,1,0,1,0,1
3,1,2,1,80,4.89,1,1,0,1,1,1,1,1,1,0
6,2,4,1,117,4.0,1,1,0,0,1,1,0,1,0,1
5,3,4,1,62,4.0,1,1,1,1,1,1,0,1,0,1
6,2,4,1,108,4.25,1,1,1,0,1,1,0,1,0,0
2,1,1,1,35,4.73,0,1,1,0,1,1,0,0,0,1
6,3,4,1,100,4.72,1,0,1,0,0,0,1,0,0,1
2,0,1,1,39,4.24,1,1,1,1,1,1,1,1,1,0
8,2,4,3,187,4.93,1,1,1,1,1,1,0,1,0,1
2,1,1,1,42,4.91,0,1,1,0,1,1,0,0,1,1
6,2,3,1,158,4.71,1,1,1,0,1,1,0,1,0,1
1,3,1,1,17,4.63,0,1,1,1,1,1,0,1,0,1
6,3,3,1,232,4.0,1,1,1,0,1,1,0,1,1,0
2,1,1,2,31,4.0,0,0,1,1,1,1,1,1,0,1
6,2,3,1,156,4.97,1,1,1,1,1,1,0,1,0,1
1,1,1,1,21,4.9,0,1,1,1,1,1,0,0,0,1
3,0,1,1,56,4.4,1,1,0,1,1,1,0,0,1,1
7,3,7,2,170,4.94,1,1,1,0,1,1,0,1,1,0
4,0,2,1,40,4.79,1,1,1,1,1,1,0,1,1,1
5,3,3,1,100,4.29,1,1,1,1,1,1,0,1,1,1
2,1,1,1,50,4.82,0,1,0,1,1,1,0,1,1,1
6,2,3,1,159,4.77,1,1,1,0,1,1,0,1,1,1
4,2,1,1,78,4.67,1,1,1,0,0,0,1,0,0,1
6,3,4,1,150,4.69,1,1,1,1,1,1,0,1,1,1
2,0,1,2,25,4.62,0,1,1,0,0,0,1,0,0,1
6,3,4,2,190,4.89,1,1,1,1,1,1,0,1,0,1
2,1,2,1,35,4.89,0,1,0,1,1,1,0,1,1,1
6,2,4,1,148,4.84,1,1,1,1,1,0,0,1,1,0
5,3,4,1,62,4.0,1,1,1,1,1,1,0,1,0,1
6,3,3,2,193,4.96,1,1,1,0,1,1,0,1,0,1
2,1,1,1,35,4.73,0,1,1,0,1,1,0,0,0,1
7,3,7,2,114,4.63,1,1,0,1,1,1,0,1,0,1
2,0,1,1,39,4.24,1,1,1,1,1,1,1,1,1,0
6,2,5,2,110,5.0,1,1,1,0,1,1,0,1,1,1
1,3,1,1,17,4.63,0,1,1,1,1,1,0,1,0,1
6,2,4,2,150,4.92,1,1,0,1,1,1,0,1,1,0
2,1,1,2,31,4.0,0,0,1,1,1,1,1,1,0,1
8,3,6,3,190,4.0,1,1,1,1,1,1,0,1,0,1
1,1,1,1,21,4.9,0,1,1,1,1,1,0,0,0,1
6,1,5,1,130,5.0,1,1,1,0,1,1,0,1,1,1
4,0,2,1,40,4.79,1,1,1,1,1,1,0,1,1,1
5,2,5,2,170,4.0,1,1,1,1,1,1,0,1,0,1
2,1,1,1,50,4.82,0,1,0,1,1,1,0,1,1,1
6,3,4,3,210,4.86,1,1,1,0,0,1,1,1,1,1
4,2,1,1,78,4.67,1,1,1,0,0,0,1,0,0,1
5,3,4,3,218,4.64,1,1,0,1,1,1,0,1,1,0
2,1,2,1,35,4.89,0,1,0,1,1,1,0,1,1,1
6,2,3,1,101,4.97,0,1,1,1,0,0,1,1,0,1
1,1,1,1,14,4.5,0,1,1,1,1,1,0,0,0,0
6,3,4,1,105,4.0,1,1,1,1,1,1,0,1,1,1
4,2,3,1,52,4.63,1,1,1,1,1,1,0,0,1,1
5,2,3,1,115,4.0,1,1,1,1,1,0,0,1,0,1
2,1,1,1,45,4.8,0,1,0,1,1,1,0,1,1,1
5,3,5,2,80,4.5,1,1,1,1,1,1,0,1,1,1
2,1,1,1,41,4.0,0,1,0,1,1,1,0,1,0,1
7,3,4,2,164,4.63,1,1,1,1,1,1,0,1,0,1
2,1,2,2,41,4.79,0,1,1,0,1,1,0,0,1,0
5,2,3,1,189,4.73,1,1,0,1,1,1,0,1,1,1
3,1,2,1,45,4.87,0,1,1,0,1,1,0,0,1,0
5,2,3,1,125,4.78,1,1,1,1,1,1,0,1,1,1
2,1,2,1,50,4.26,1,1,1,1,1,1,0,1,0,1
6,3,6,2,162,4.92,1,1,1,1,1,1,0,1,0,1
1,1,1,1,24,4.75,0,1,1,1,0,0,1,0,0,1
8,3,6,1,120,4.76,1,1,1,1,1,1,0,1,0,1
2,1,1,2,24,4.45,0,0,1,0,1,1,0,1,1,1
7,3,6,1,184,4.55,1,1,1,0,1,1,0,1,1,1
6,2,2,1,55,4.33,1,0,1,1,0,0,1,0,0,1
5,2,3,2,188,5.0,1,1,0,1,1,1,0,1,1,1
1,1,1,1,13,4.42,0,0,1,1,1,1,0,0,0,1
7,3,4,2,179,4.0,1,1,0,1,1,1,0,1,1,1
4,2,2,1,65,4.87,1,1,1,1,1,1,0,1,1,1
6,2,4,1,110,4.0,1,0,0,1,1,1,0,1,1,0
2,1,1,1,47,4.73,0,1,0,1,1,1,0,0,1,0
5,2,4,1,136,4.0,1,1,1,0,1,1,0,1,0,0
4,0,2,1,53,4.68,1,1,1,1,1,1,1,1,1,0
6,2,4,2,120,4.0,1,1,1,1,0,0,1,0,0,1
2,1,1,1,45,4.75,1,1,1,1,0,1,1,1,1,0
5,3,4,2,155,4.79,1,1,0,1,1,1,0,1,1,1
2,0,1,1,65,4.7,1,0,0,1,1,1,0,1,0,1
5,2,3,2,192,5.0,1,1,0,1,1,1,0,1,1,1
4,1,2,1,80,4.35,1,1,0,1,1,1,0,1,0,1
5,0,3,1,103,4.68,1,1,0,1,1,1,0,1,1,1
4,2,3,1,90,4.69,1,1,1,1,1,1,0,1,1,0
6,3,4,1,150,4.0,1,1,1,1,1,1,0,1,1,1
2,1,2,2,41,4.79,0,1,1,0,1,1,0,0,1,0
6,2,3,2,168,4.0,1,1,1,1,1,1,0,1,1,1
3,1,2,1,45,4.87,0,1,1,0,1,1,0,0,1,0
9,3,6,2,149,4.0,1,1,0,1,1,0,1,1,1,1
2,1,1,1,72,4.0,1,1,1,1,1,1,0,1,0,1
5,2,3,2,105,4.0,1,1,0,1,1,1,0,1,1,0
7,2,4,1,89,4.9,1,0,1,1,1,1,0,1,1,1
7,2,5,1,85,4.34,1,1,0,1,1,1,0,0,0,1
4,1,2,1,80,4.42,1,1,0,1,1,1,0,0,1,1
6,3,5,2,145,4.78,1,1,1,0,1,1,0,1,0,1
2,1,1,1,35,4.73,0,1,1,0,1,1,0,0,0,1
6,3,3,1,89,4.0,1,1,1,0,1,1,0,1,0,1
6,2,2,1,55,4.33,1,0,1,1,0,0,1,0,0,1
6,2,5,1,150,5.0,1,1,1,0,0,0,1,0,0,1
2,0,1,1,55,4.55,1,1,0,1,1,1,1,1,0,1
6,3,5,2,200,4.93,1,1,0,1,1,1,0,1,0,1
4,2,3,1,70,4.87,1,1,1,1,1,1,0,1,0,1
5,2,4,2,245,4.91,1,1,0,1,1,1,0,1,0,1
2,1,1,1,20,4.82,0,1,1,1,1,1,0,0,1,1
10,3,8,2,181,4.0,1,1,0,1,1,1,0,1,1,0
2,1,2,1,35,4.89,0,1,0,1,1,1,0,1,1,1
6,2,4,2,185,4.76,1,1,0,1,1,1,0,1,0,1
2,1,2,1,45,4.58,1,1,1,1,1,1,1,1,1,0
6,3,5,2,200,5.0,1,1,1,0,1,1,0,1,0,1
4,2,3,1,70,4.87,1,1,1,1,1,1,0,1,0,1
5,2,5,1,99,4.82,1,1,0,1,1,1,0,1,0,1
2,1,1,1,20,4.82,0,1,1,1,1,1,0,0,1,1
5,1,1,1,107,4.6,1,1,0,1,1,1,0,1,0,0
2,1,2,1,35,4.89,0,1,0,1,1,1,0,1,1,1
6,3,4,3,215,4.8,1,1,0,1,1,1,0,1,0,1
2,1,2,1,50,4.58,1,1,1,1,1,1,1,1,1,0
2,1,1,1,51,4.92,1,1,1,1,0,0,1,0,0,1
6,3,4,1,85,4.0,1,1,0,1,1,1,0,1,1,0
4,2,2,1,56,4.0,1,0,1,0,1,1,0,1,1,1
9,2,7,2,230,4.84,1,1,1,0,1,1,0,1,1,1
1,1,1,1,21,4.9,0,1,1,1,1,1,0,0,0,1
5,2,3,1,125,5.0,1,1,1,0,1,1,0,1,1,1
5,2,2,2,107,4.81,1,1,1,0,1,1,0,1,1,1
6,2,3,1,91,4.45,1,1,1,1,1,1,0,1,1,1
1,1,1,2,20,4.34,0,0,1,0,1,1,0,1,1,1
6,2,2,2,64,4.57,1,1,1,1,1,1,0,1,1,1
2,0,1,1,19,4.69,0,0,1,1,0,1,0,0,1,0
6,2,2,1,97,4.65,1,0,0,1,1,1,0,1,1,1
4,1,2,1,114,4.0,1,1,0,0,1,1,0,1,1,0
5,2,3,1,117,4.4,1,1,0,1,0,0,1,0,0,1
4,1,2,1,85,4.93,0,1,1,1,0,0,1,1,0,1
5,2,3,1,125,5.0,1,1,1,0,1,1,0,1,1,1
2,0,1,1,59,4.79,1,1,1,1,1,1,0,1,1,1
6,2,4,1,124,4.73,1,1,1,1,1,1,0,1,0,1
2,1,1,1,35,4.22,0,0,1,0,1,1,0,1,0,1
6,3,4,2,180,4.89,1,1,1,1,1,1,0,1,0,1
2,1,2,1,52,4.72,0,0,1,0,1,1,0,1,1,1
6,2,3,1,210,4.63,1,1,0,1,1,1,0,1,0,1
2,1,1,1,35,4.67,0,1,0,1,1,1,0,1,0,1
5,2,3,2,105,4.0,1,1,0,1,1,1,0,1,1,0
2,1,1,1,45,4.91,0,1,1,0,1,1,0,0,1,1
7,4,4,2,165,4.64,1,0,1,1,1,1,0,1,0,1
6,2,3,2,74,5.0,1,1,0,1,1,1,0,1,1,1
6,2,3,1,123,4.0,1,1,1,1,1,0,0,1,1,0
4,1,1,1,85,4.78,1,1,1,0,1,1,0,1,0,1
6,2,4,1,139,3.25,1,0,0,1,0,0,1,0,0,1
2,1,1,2,29,4.0,0,0,1,1,1,1,1,1,0,1
8,3,6,2,246,4.86,1,1,1,0,1,1,0,1,1,1
2,1,1,1,40,4.0,0,1,1,1,1,1,1,1,0,1
8,3,1,2,195,4.75,1,1,0,1,1,1,0,1,1,1
4,1,2,1,76,4.93,1,1,1,0,1,1,0,1,0,1
6,2,3,1,177,4.0,1,1,0,1,1,1,0,1,0,1
3,2,2,1,75,4.67,1,1,0,1,1,1,0,1,0,1
5,3,3,1,77,4.5,1,0,0,0,1,1,0,1,0,1
2,1,2,1,45,5.0,0,1,1,0,0,1,1,1,1,1
5,2,1,1,120,4.91,1,1,1,0,1,1,0,1,1,1
2,1,1,1,45,4.91,0,1,1,0,1,1,0,0,1,1
6,2,4,1,199,5.0,1,1,1,1,1,1,0,1,0,1
2,0,1,1,55,4.55,1,1,0,1,1,1,1,1,0,1
5,1,2,1,120,4.0,1,1,1,1,0,0,1,0,0,1
7,2,4,1,89,4.9,1,0,1,1,1,1,0,1,1,1
5,2,2,2,225,4.87,1,1,1,1,1,1,0,1,1,1
5,1,3,1,74,4.0,1,1,1,0,1,1,0,1,0,1
5,2,4,2,178,4.75,1,1,1,1,1,1,0,1,1,1
1,1,1,1,26,4.86,0,1,1,1,0,0,1,0,0,1
6,3,4,2,220,4.96,0,1,1,1,0,0,1,0,0,1
2,1,1,1,63,4.84,1,1,0,1,1,1,0,1,0,1
6,3,4,2,110,4.71,1,1,1,1,1,1,0,1,0,1
2,1,1,2,39,4.77,0,1,1,0,0,0,1,0,0,1
5,2,1,1,77,5.0,1,1,0,1,0,0,1,0,0,1
4,2,2,1,83,4.61,1,0,1,1,1,1,0,1,0,1
7,3,5,2,145,4.58,1,1,0,1,1,1,0,1,1,1
4,2,3,1,90,4.69,1,1,1,1,1,1,0,1,1,0
6,2,4,1,100,4.74,0,1,1,1,0,0,1,0,0,1
2,1,1,1,75,4.82,1,1,1,0,0,0,1,0,0,1
5,3,3,2,171,4.86,1,1,1,1,1,1,0,1,1,0
2,0,1,1,68,4.57,1,1,0,1,0,0,1,0,0,1
6,2,4,1,117,4.0,1,1,0,0,1,1,0,1,0,1
1,1,1,1,27,4.0,0,1,1,1,0,0,1,0,0,1
8,3,4,3,230,4.0,1,1,1,1,1,1,0,1,1,1
1,1,1,1,20,4.86,0,1,1,1,1,1,1,0,1,0
6,2,4,1,93,4.8,1,1,1,1,1,1,0,1,0,1
4,2,4,1,75,4.9,1,1,1,0,1,1,0,1,1,0
5,1,3,1,80,4.81,1,1,0,1,1,1,0,1,0,1
4,1,2,1,72,4.25,1,1,1,0,0,0,1,0,0,1
10,3,7,1,164,3.9,1,1,1,1,1,1,0,1,1,0
2,1,1,1,40,4.77,0,1,1,1,1,1,0,0,1,1
6,3,4,2,180,4.0,1,1,1,1,1,1,0,1,1,1
2,1,1,1,40,4.65,1,1,1,0,1,1,0,1,1,1
2,1,1,1,40,4.93,1,1,1,1,1,1,0,1,1,0
2,1,1,1,40,4.87,1,1,1,0,1,1,1,1,1,1
2,1,1,1,40,4.79,1,1,0,1,0,0,1,0,0,1
2,1,1,1,50,4.6,1,1,1,0,0,0,1,0,0,1
1,1,1,1,23,4.54,0,1,1,0,0,0,1,0,0,1
3,1,2,1,46,4.49,1,1,1,0,1,1,0,1,0,1
3,1,3,1,45,4.69,1,1,0,1,1,1,0,1,0,1
2,1,1,1,39,4.56,1,1,0,1,0,1,1,1,1,0
3,1,2,1,55,4.85,1,1,0,1,0,0,1,0,0,1
4,1,1,1,55,4.83,1,1,0,1,1,1,0,1,0,1
4,0,2,1,69,4.87,1,1,0,1,1,1,0,1,0,1
6,2,3,1,85,4.98,0,1,1,1,0,0,1,1,0,1
2,1,1,1,50,4.75,1,1,1,0,0,0,1,0,0,1
1,1,1,1,25,4.95,0,1,1,0,1,1,0,0,1,1
4,2,2,1,50,4.78,1,1,1,1,1,1,0,1,1,1
2,0,1,1,50,4.95,1,1,1,0,1,1,0,1,0,1
4,1,2,1,79,4.73,1,1,0,1,1,1,0,1,0,1
2,1,1,1,27,4.76,0,1,1,0,1,1,0,0,1,0
2,1,1,1,50,4.69,1,1,1,0,1,1,1,1,1,0
2,1,1,1,90,4.88,1,1,1,0,1,1,0,1,0,1
1,1,1,2,21,4.39,0,1,0,0,0,1,1,0,1,0
4,1,1,1,85,4.89,0,1,1,1,0,0,1,0,0,1
1,1,1,1,38,4.85,0,1,1,0,1,1,0,1,1,0
3,1,3,1,45,4.68,1,1,0,1,1,1,0,1,1,1
2,1,2,1,59,4.63,1,1,0,1,0,0,1,0,0,1
2,1,1,1,65,4.67,1,1,0,1,1,1,0,1,1,1
3,1,1,1,75,4.81,1,1,1,1,1,1,1,1,1,0
4,2,3,2,87,4.0,1,1,0,1,1,1,0,1,0,0
4,1,2,1,61,4.57,1,1,0,1,1,1,0,1,1,0
3,1,2,1,73,4.77,1,1,1,0,1,1,0,1,1,0
2,1,1,1,73,4.62,1,1,0,0,1,1,0,1,0,1
6,2,2,2,64,4.38,1,1,0,1,1,1,0,1,1,1
3,1,2,1,46,4.96,0,1,1,0,0,1,0,1,1,0
2,1,1,1,50,4.67,1,1,0,1,1,1,1,1,0,1
4,1,2,1,79,4.85,1,1,1,0,1,1,0,1,1,1
4,1,1,1,72,4.0,1,1,0,1,1,1,0,1,1,1
4,1,1,1,59,4.53,1,1,0,1,1,1,0,1,1,1
2,1,1,1,90,4.97,1,1,1,0,1,1,1,1,1,0
4,1,2,1,52,4.77,1,1,1,0,1,0,0,1,1,0
2,0,1,1,58,4.92,1,1,0,1,1,1,0,1,0,1
2,1,1,1,60,4.91,1,1,1,1,1,1,0,1,1,1
2,1,1,1,40,4.59,1,1,1,0,1,1,0,1,1,0
4,1,1,1,65,4.83,1,1,0,1,1,1,0,1,0,1
2,0,1,1,50,4.8,1,1,1,1,1,1,0,1,0,1
3,1,1,1,49,4.83,1,1,1,0,0,0,1,0,0,1
6,2,3,1,85,4.98,0,1,1,1,0,0,1,1,0,1
4,1,3,1,52,4.71,1,1,1,0,1,1,0,1,1,1
2,1,1,1,61,4.0,1,1,0,1,1,1,0,1,1,1
2,1,2,1,25,4.0,0,1,1,1,1,1,0,1,1,1
4,1,2,1,49,4.74,1,1,1,0,1,1,0,1,1,0
2,1,1,1,50,4.72,1,0,0,0,1,1,0,1,1,1
6,1,1,1,53,4.38,1,1,1,1,0,0,1,0,0,1
2,1,1,1,60,4.7,1,1,0,1,1,1,0,1,1,1
4,1,2,1,60,4.47,1,1,1,1,1,1,0,1,1,1
4,1,2,1,65,4.34,1,1,0,1,1,1,0,1,0,1
6,2,4,1,55,4.74,0,1,1,1,0,0,1,0,0,1
1,1,1,1,25,4.95,0,1,1,0,1,1,0,0,1,1
2,0,1,1,39,4.76,1,1,1,1,1,1,0,1,0,1
4,1,2,1,52,4.89,1,1,1,0,1,1,0,1,0,1
2,1,2,1,54,4.4,1,1,1,0,1,1,0,1,0,1
2,1,1,1,36,4.91,0,1,0,1,1,1,0,1,1,1
4,1,1,1,49,4.38,1,0,1,1,1,1,1,1,1,1
4,1,3,1,52,4.69,1,0,1,0,1,1,0,1,1,0
1,1,1,1,24,4.59,0,1,1,1,0,0,1,0,0,1
4,1,2,1,54,4.72,1,1,0,0,1,1,0,1,0,1
2,1,1,1,33,4.79,0,1,0,1,1,1,0,1,1,0
2,1,2,1,27,4.0,0,1,1,1,1,1,0,1,1,1
2,1,1,1,55,4.69,1,1,1,0,1,1,1,1,1,0
4,0,2,1,53,4.0,1,1,1,0,1,1,0,1,1,1
4,1,1,1,50,4.64,1,1,0,1,1,1,0,1,1,0
4,1,1,2,60,4.9,1,1,1,0,1,1,0,1,1,0
2,1,1,1,48,4.86,1,1,1,1,1,1,1,1,1,0
2,1,1,1,78,4.97,1,1,1,0,1,1,1,1,1,1
4,1,2,1,47,4.77,1,1,0,1,1,1,0,1,0,1
4,1,4,1,56,4.84,1,1,1,0,1,1,0,1,0,1
2,1,1,1,27,4.76,0,1,1,0,1,1,0,0,1,0
4,1,1,1,48,4.71,1,0,1,0,1,1,0,1,1,1
2,0,1,1,56,4.82,1,1,0,1,1,1,0,1,1,1
2,1,2,1,35,4.63,0,1,1,0,0,1,1,1,1,0
2,0,1,1,60,4.95,1,1,1,0,1,1,0,1,0,1
2,1,1,1,14,4.41,0,1,1,1,1,1,0,1,1,0
4,1,4,1,56,4.84,1,1,1,0,1,1,0,1,0,1
4,1,2,1,50,4.82,1,1,1,1,1,1,0,1,1,1
4,1,2,1,48,4.79,1,1,1,1,1,1,0,1,0,1
4,1,2,1,55,4.86,1,1,1,0,1,1,0,1,0,1
2,1,1,1,59,4.67,1,1,0,1,1,1,0,1,1,1
1,1,1,1,35,4.74,0,1,1,0,1,1,0,1,1,0
2,1,2,1,54,4.4,1,1,1,0,1,1,0,1,0,1
4,1,1,1,49,4.87,1,1,1,1,1,1,0,1,1,0
2,1,1,1,85,4.96,0,1,1,1,0,0,1,1,0,1
4,1,3,1,60,4.71,1,1,0,1,1,1,0,1,1,0
4,1,2,1,50,4.89,1,0,1,1,1,1,0,1,1,0
2,0,1,1,42,4.1,1,1,1,0,1,1,0,1,0,1
2,1,2,1,35,4.8,0,1,0,1,0,1,1,1,0,1
2,1,1,1,33,4.79,0,1,0,1,1,1,0,1,1,0
2,1,1,1,90,4.92,0,1,1,1,0,0,1,1,0,1
2,1,1,1,50,4.63,1,0,1,1,0,0,1,0,0,1
4,1,2,1,51,4.67,1,1,0,1,1,1,0,1,1,1
2,1,1,1,90,4.88,1,1,1,0,1,1,0,1,0,1
4,1,2,1,70,4.89,1,1,0,1,1,1,0,1,1,0
4,1,2,1,94,4.93,1,1,0,1,1,1,0,1,1,0
6,2,4,1,55,4.74,0,1,1,1,0,0,1,0,0,1
6,2,5,1,43,4.62,1,1,0,1,1,1,0,1,0,1
4,1,2,1,50,4.87,1,1,0,1,1,1,0,1,1,1
2,1,1,1,71,4.0,1,1,1,0,1,1,0,1,1,0
4,2,3,1,100,4.97,1,1,0,1,1,1,0,1,1,1
3,1,1,1,38,4.5,1,0,1,1,0,0,1,0,0,1
2,1,1,1,78,4.97,1,1,1,0,1,1,1,1,1,1
2,1,1,1,69,4.91,1,1,0,1,1,1,0,1,1,0
4,2,2,1,62,4.7,1,1,0,1,1,1,0,1,0,1
4,1,2,1,69,4.74,1,1,0,1,1,1,0,1,1,1
4,1,3,1,55,4.88,1,1,0,1,1,1,0,1,1,0
4,1,2,1,70,4.85,1,1,0,1,1,1,0,1,1,0
2,1,1,1,48,4.86,1,1,1,1,1,1,1,1,1,0
2,1,2,1,25,4.0,0,1,1,1,1,1,0,1,1,1
2,1,1,1,51,4.86,1,1,1,1,0,1,0,1,1,1
4,1,2,1,50,4.76,1,0,1,1,1,1,0,1,1,0
4,1,1,1,60,4.71,1,0,1,0,1,1,0,1,1,1
6,2,4,1,56,4.07,1,1,1,1,0,0,1,0,0,1
2,1,2,1,48,5.0,1,1,1,0,1,1,0,1,0,1
4,1,2,1,50,4.49,1,1,0,1,1,1,0,1,1,1
4,0,2,1,49,4.71,1,1,1,0,1,1,0,1,1,0
2,1,1,1,38,4.76,0,1,1,0,1,1,0,1,1,0
2,1,2,1,50,4.83,0,1,0,1,1,1,1,1,1,0
2,1,1,1,90,4.92,0,1,1,1,0,0,1,1,0,1
2,1,2,1,60,4.96,1,1,1,0,1,1,0,1,0,1
2,0,1,1,56,4.87,1,1,0,1,1,1,0,1,0,1
4,1,4,1,56,4.84,1,1,0,1,1,1,0,1,1,1
2,1,1,1,29,4.72,0,1,0,1,1,1,0,0,0,1
2,1,1,1,43,4.88,1,1,1,0,1,1,1,1,1,1
1,1,1,1,18,4.97,0,1,1,1,1,1,0,1,0,1
6,1,5,1,80,5.0,1,1,1,0,1,1,0,1,1,1
4,1,2,1,50,4.89,1,0,1,1,1,1,0,1,1,0
2,1,1,1,55,4.71,1,1,0,1,1,1,1,1,0,1
1,1,1,1,35,4.74,0,1,1,0,1,1,0,1,1,0
4,0,1,1,59,4.5,1,1,0,1,1,1,0,1,0,1
4,1,2,1,67,4.4,1,1,0,1,1,1,1,1,1,0
4,1,1,1,65,4.83,1,1,0,1,1,1,0,1,0,1
2,1,1,1,69,4.91,1,1,0,1,1,1,0,1,1,0
4,0,2,1,50,4.71,1,1,1,0,1,1,0,1,1,0
4,1,2,1,50,4.89,1,0,1,1,1,1,0,1,1,0
2,1,1,1,75,4.0,1,1,1,1,1,1,0,1,1,0
4,1,4,1,56,4.84,1,1,0,1,1,1,0,1,1,1
4,1,1,1,85,4.89,0,1,1,1,0,0,1,0,0,1
2,1,1,1,45,4.87,0,1,1,0,0,1,1,1,1,1
4,1,2,1,61,4.49,1,1,0,1,0,0,1,0,0,1
2,1,2,1,61,4.0,1,0,0,1,1,1,1,1,1,0
2,1,1,1,85,4.96,0,1,1,1,0,0,1,1,0,1
4,2,3,1,50,4.9,1,1,0,1,1,1,0,1,0,1
4,0,1,1,59,4.5,1,1,0,1,1,1,0,1,0,1
2,1,1,1,60,4.8,1,1,1,0,1,1,0,1,0,1
3,1,2,1,69,4.91,1,1,0,1,1,1,0,0,0,1
2,1,1,1,70,4.0,1,0,0,0,1,1,0,1,1,1
2,1,2,1,27,4.81,0,1,1,1,1,1,0,1,1,1
2,1,1,1,38,4.76,0,1,1,0,1,1,0,1,1,0
2,1,1,1,25,4.95,0,1,1,1,0,0,1,0,0,1
3,1,2,1,60,4.83,1,1,0,1,1,1,0,1,1,0
2,1,1,2,50,4.83,0,1,1,0,0,1,1,1,0,1
2,1,1,1,42,4.91,0,1,0,1,1,1,0,1,1,1
4,1,2,1,42,5.0,1,1,1,1,1,1,0,1,0,1
4,1,2,1,50,4.76,1,0,1,1,1,1,0,1,1,0
2,0,1,1,42,4.1,1,1,1,0,1,1,0,1,0,1
4,1,2,1,79,4.85,1,1,1,0,1,1,0,1,1,1
3,1,1,1,60,4.91,1,1,1,1,1,1,0,1,0,1
1,1,1,1,35,4.74,0,1,1,0,1,1,0,1,1,0
6,2,3,1,80,4.94,1,1,0,1,1,1,0,1,0,1
6,0,1,1,50,4.58,1,1,1,1,0,1,1,1,0,0
3,1,2,1,75,4.75,1,1,1,1,1,1,0,1,1,0
2,0,1,1,65,4.82,1,1,0,1,1,1,0,1,1,1
4,2,2,1,62,4.7,1,1,0,1,1,1,0,1,0,1
4,1,2,1,62,4.82,1,1,1,1,1,1,1,1,0,1
2,1,1,1,29,4.72,0,1,0,1,1,1,0,0,0,1
2,1,2,1,53,5.0,1,1,1,0,1,1,0,1,0,1
4,1,2,1,95,5.0,1,1,1,0,0,0,1,0,0,1
4,1,2,1,59,4.53,1,1,1,1,0,0,1,0,0,1
6,3,5,2,120,4.96,1,1,1,0,1,1,0,1,0,1
4,1,3,1,50,4.69,1,1,1,0,1,1,0,1,0,1
1,1,1,1,35,4.73,0,1,1,0,1,1,0,1,1,0
1,1,1,1,18,4.97,0,1,1,1,1,1,0,1,0,1
4,1,2,1,79,4.73,1,1,0,1,1,1,0,1,0,1
2,1,1,1,33,4.95,0,0,0,1,1,1,0,1,0,1
2,0,1,1,52,4.85,1,1,1,0,1,1,0,1,1,1
4,1,2,1,50,4.89,1,0,1,1,1,1,0,1,1,0
1,1,1,1,15,5.0,0,1,1,1,0,0,1,0,0,1
1,1,1,1,29,4.0,0,0,1,1,0,1,1,1,1,1
4,1,2,1,64,4.89,1,1,1,0,1,1,0,1,0,1
4,2,3,1,50,4.9,1,1,0,1,1,1,0,1,0,1
2,1,2,1,42,4.48,0,1,1,0,0,0,1,0,0,1
4,1,2,1,65,4.84,1,1,1,1,1,1,0,1,0,0
2,1,1,1,85,4.96,0,1,1,1,0,0,1,1,0,1
2,1,2,1,35,4.8,0,1,1,0,0,1,1,1,1,0
3,2,3,1,48,4.84,1,1,1,0,1,1,0,1,0,1
4,1,2,1,70,4.55,1,1,0,1,1,1,0,1,0,1
4,1,2,1,95,4.5,1,0,1,0,0,0,1,0,0,1
2,1,2,1,50,4.83,0,1,0,1,1,1,1,1,1,0
1,1,1,1,28,4.2,0,0,1,1,0,1,1,1,1,1
1,1,1,1,27,4.72,0,1,1,1,1,1,0,1,0,1
2,0,1,1,15,4.81,0,0,0,0,0,1,1,1,1,1
4,1,2,1,50,4.76,1,0,1,1,1,1,0,1,1,0
4,3,4,1,85,4.95,1,1,1,0,1,1,1,1,1,1
5,1,1,1,70,4.77,1,1,0,1,1,1,0,1,0,1
2,1,1,1,39,4.78,1,1,0,1,1,1,0,1,1,1
2,1,2,1,38,4.0,0,1,0,1,1,1,0,0,0,1
5,3,3,1,56,4.48,1,0,1,0,1,1,1,0,1,0
2,1,2,1,23,4.72,0,1,1,1,1,1,1,1,1,0
2,1,1,1,30,4.91,0,1,1,1,1,1,0,1,1,1
2,1,1,1,45,4.29,1,0,1,0,0,0,1,0,0,1
4,1,1,1,60,4.71,1,0,1,0,1,1,0,1,1,1
2,1,1,1,62,4.78,1,0,1,0,1,1,0,1,0,1
3,1,2,1,100,4.98,1,1,0,1,0,0,1,0,0,1
2,1,2,1,35,4.0,0,1,1,1,1,1,1,1,1,0
4,1,2,1,100,4.89,1,1,1,0,1,1,0,1,0,1
2,1,1,1,70,5.0,1,1,1,0,1,1,0,1,1,1
2,1,1,1,55,4.79,0,1,1,0,0,0,1,0,0,1
2,1,1,1,50,4.73,1,1,1,0,1,1,0,1,1,0
2,0,2,1,85,4.83,1,1,0,1,1,1,0,1,1,1
2,0,2,1,80,4.79,1,1,1,0,1,1,1,1,1,1
2,1,1,1,100,4.95,1,1,1,0,1,1,0,1,1,1
2,1,1,1,71,4.74,1,1,0,1,1,1,0,1,0,1
2,1,1,1,122,4.64,1,1,1,0,1,1,1,1,1,1
2,1,1,1,60,4.91,1,1,1,1,1,1,0,1,1,1
2,1,1,1,60,4.82,0,1,0,1,1,1,0,1,1,0
3,1,2,1,85,4.9,1,1,1,0,1,1,0,1,0,1
2,0,1,1,85,4.88,1,1,0,1,1,1,0,1,0,1
4,2,3,1,90,4.82,1,1,1,1,0,0,1,0,0,1
3,2,3,1,77,4.93,1,1,0,0,1,1,0,1,1,1
3,1,1,1,65,4.25,1,1,0,1,1,1,0,1,1,0
6,2,4,2,115,4.0,1,1,1,1,1,1,0,1,0,1
2,1,2,1,28,5.0,0,1,1,0,1,1,0,1,0,1
2,1,1,1,48,4.93,1,1,1,1,1,1,0,1,1,0
2,1,1,1,18,5.0,0,1,1,1,1,1,0,0,0,1
4,1,1,1,103,4.89,1,1,1,0,1,1,0,1,1,1
5,1,3,2,93,4.0,1,1,1,1,1,1,0,1,1,1
2,1,1,1,100,4.94,1,1,1,0,1,1,0,1,1,0
2,1,2,1,98,4.92,0,1,1,1,0,0,1,0,0,1
5,2,3,1,165,4.89,1,1,1,0,1,1,0,1,1,1
2,1,1,1,85,4.27,1,1,0,1,1,1,0,1,0,0
2,1,2,1,127,4.86,1,1,0,1,1,1,0,1,1,1
2,1,1,1,55,4.88,1,1,0,1,1,1,0,0,0,1
6,0,1,1,49,4.58,1,1,1,1,0,1,1,1,0,0
4,1,2,1,65,4.86,1,1,1,1,1,0,0,1,1,0
4,2,4,1,64,4.67,1,1,0,0,1,1,0,1,1,1
3,1,1,1,71,4.0,1,1,0,1,1,1,0,1,1,1
4,1,1,1,59,4.64,1,1,1,1,0,0,1,0,0,1
3,1,1,1,75,4.78,1,1,0,1,1,1,0,1,1,0
4,1,2,1,100,4.77,1,1,0,1,1,1,0,1,0,1
3,1,3,1,82,4.0,1,0,0,0,1,1,0,1,1,0
3,1,1,1,60,4.91,1,1,1,1,1,1,0,1,0,1
1,1,1,1,15,5.0,0,1,1,1,0,0,1,0,0,1
2,1,2,1,35,4.63,0,1,1,0,0,1,1,1,1,0
4,1,1,1,65,4.0,1,1,1,1,1,1,0,1,1,0
2,1,1,1,38,4.88,1,1,1,0,1,1,1,1,1,1
4,1,2,1,65,4.5,1,0,0,1,1,1,0,1,1,1
4,1,2,1,70,4.87,1,1,1,0,1,1,0,1,0,1
4,1,2,1,70,5.0,1,1,1,1,1,1,0,1,1,0
2,1,1,1,80,4.8,1,1,1,0,0,1,1,1,1,0
1,0,1,2,62,4.0,0,1,0,1,0,1,0,0,1,0
4,1,1,1,87,4.0,1,1,0,1,1,1,0,1,1,1
1,1,1,1,38,4.7,0,1,1,1,1,1,1,1,0,0
3,1,2,1,70,4.83,1,1,0,1,1,1,0,1,1,0
2,1,1,1,50,4.84,1,1,1,1,0,0,1,0,0,1
4,1,2,1,80,4.85,1,1,1,1,1,1,0,1,1,1
2,1,1,1,25,4.92,0,1,1,1,1,1,0,1,1,0
6,2,2,1,79,4.86,1,1,1,0,1,1,0,1,0,1
2,1,2,1,20,4.7,0,1,1,1,0,1,1,1,1,0
6,3,5,2,120,4.93,1,1,1,0,1,1,0,1,0,1
4,1,2,1,75,4.92,1,1,0,1,1,1,0,1,1,0
2,0,1,1,65,4.95,1,1,1,0,1,1,0,1,0,1
4,1,2,1,88,4.5,1,1,0,1,1,1,0,1,0,1
3,1,1,1,68,4.63,1,1,1,0,1,1,0,1,0,1
2,1,2,1,60,5.0,1,1,1,0,1,1,0,1,1,0
4,1,2,1,71,4.82,1,1,1,1,1,1,1,1,0,1
2,1,2,1,50,4.83,0,1,0,1,1,1,1,1,1,0
6,0,1,1,98,4.0,0,0,1,1,0,0,1,0,0,1
1,1,1,1,25,4.53,0,1,1,0,0,1,1,1,1,1
4,2,2,1,70,4.74,1,1,1,0,1,1,1,1,0,1
2,1,1,1,60,4.7,0,1,1,0,0,1,1,1,1,1
3,1,1,1,70,4.85,1,1,0,1,1,1,0,1,1,1
3,1,1,1,94,4.84,1,1,0,1,1,1,0,1,1,0
2,1,1,2,14,4.75,0,1,1,1,1,1,0,1,0,1
2,1,1,1,33,4.0,0,1,0,1,1,1,1,1,1,1
2,1,2,1,53,5.0,1,1,1,0,1,1,0,1,0,1
4,1,1,2,103,4.78,1,1,1,0,1,1,0,1,1,1
2,1,1,1,50,4.76,1,1,1,1,0,0,1,0,0,1
2,1,1,1,33,4.95,0,0,0,1,1,1,0,1,0,1
2,1,1,1,29,4.87,0,1,1,1,0,1,1,1,0,1
1,1,1,1,27,4.72,0,1,1,1,1,1,0,1,0,1
2,1,1,1,40,4.55,0,1,1,0,0,1,1,0,1,1
2,1,1,1,50,4.57,0,0,1,0,1,1,0,1,0,1
4,1,1,1,70,4.65,1,1,0,1,1,1,0,1,1,1
6,2,4,2,90,4.0,1,0,0,1,1,1,0,1,1,0
3,1,2,1,77,4.0,1,1,1,0,1,1,0,1,0,1
3,1,2,1,35,4.0,1,1,0,1,1,1,0,1,0,1
6,3,5,2,59,4.79,1,1,1,0,1,1,0,1,1,1
4,1,2,1,75,4.5,1,0,1,1,0,1,1,1,0,0
2,1,1,1,51,4.86,1,1,1,1,0,1,0,1,1,1
4,0,1,1,59,4.5,1,1,0,1,1,1,0,1,0,1
2,0,1,1,70,4.65,1,1,1,0,1,1,0,1,0,1
3,1,2,1,55,4.8,1,0,1,0,1,1,0,1,0,1
